0,1,2,3,4,5,6,7,8,9,10,11,12,13,14,15,16,17,18,19,20,21,22,23,24,25,26,27,28,29,30,31,32,33,34,35,36,37,38,39,40,41,42,43,44,45,46,47,48,49,50,51,52,53,54,55,56,57,58,59,60,61,62,63,64,65,66,67,68,69,70,71,72,73,74,75,76,77,78,79,80,81,82,83,84,85,86,87,88,89,90,91,92,93,94,95,96,97,98,99,100,101,102,103,104,105,106,107,108,109,110,111,112,113,114,115,116,117,118,119,120,121,122,123,124,125,126,127,128,129,130,131,132,133,134,135,136,137,138,139,140,141,142,143,144,145,146,147,148,149,150,151,152,153,154,155,156,157,158,159,160,161,162,163,164,165,166,167,168,169,170,171,172,173,174,175,176,177,178,179,180,181,182,183,184,185,186,187,188,189,190,191,192,193,194,195,196,197,198,199,200,201,202,203,204,Label
4.529709940470639e-16,1.0,-3.2653504044857593,5.153829771594657,8.419180176080417,0.39657760970297123,0.5883077275640485,-0.5593080649757438,-0.12466141988831168,0.05707485482582436,-0.9812463391181646,0.06320151858594104,0.30394083263715976,-1.4900659770473497,1.5048309550249426,5.153829771594657,0.7442445119784383,-3.1804717300779597,-0.2467775231790782,0.7907529990522789,-0.9202766825630415,0.03640327663569358,0.5068062244678561,-0.3853061510583151,0.3029935127142967,0.47924556269622604,-0.041604967587882284,0.6388859896811594,0.6780930399974223,0.31732459476518293,0.9725524581964141,0.8726465151819305,0.273739534831752,0.31919673133846227,-0.11456948448119524,-0.4130198279346727,-0.06131624519663657,-0.2726839783134559,-0.3120357888881283,0.024758412596879338,-0.26368455059712953,-0.19220152669668034,0.10711674551842827,-0.2975088211123131,-0.1671236084637874,0.14989166980501117,-0.28229620263478467,-0.12985570307045735,0.1817552151984797,0.006413004352958062,0.4586814595975746,0.26024736712954466,-0.6266258466357711,-0.0214418716011704,-0.01615059192948717,-1.0030263187686679,0.04623458742891273,0.0361509216295972,-1.4055316627108219,1.8527634569765734,4.6138060806976675,-0.1677073415675905,-3.2653504044857593,-0.1418527404296487,0.5431709315350305,-0.9563429146622558,0.07789896511542797,0.31887436449570383,-0.42961842307446263,0.3837582791297382,0.4127705573319949,-0.08566100777853408,0.6593259300565724,0.6497482090370863,0.37235739436279286,1.0239873866833527,0.6863735657570224,0.052805943629617824,0.20346463459588637,-0.2678964785725627,-0.43931107057968416,0.04596439266302532,-0.36399179291724343,-0.41117289974697324,0.10679469769582792,-0.28370018590615814,-0.21348714582571748,0.17842042878575695,-0.35840230341849105,-0.16520724718546628,0.18944483489580533,-0.4617928768356487,-0.13754547364914949,0.325628893529087,-0.09878214528512218,0.46749209346176634,0.41404885477185494,-0.652374164167934,0.010397064656599085,-0.033976731418862205,-1.0680771529881616,0.26315811827393015,-0.03127888118034292,-1.5687270351633313,2.4586531466952968,4.919722546679966,-0.6628882447435959,-3.2205538843527957,0.14692874418631935,0.3488420331565358,-0.9634029313451435,0.10194459264342834,0.108650950132739,-0.4443385017053457,0.2477315668465897,0.22161467245632324,0.0035784822827060964,0.5220951310895716,0.4986603235941551,0.40766510184667526,0.7210612810738926,0.5661413497715444,0.19328089659765474,-0.06499167842358577,-0.3488538744958397,-0.42468071769803256,-0.3736832782394311,-0.3533429899050548,-0.3588852851797667,-0.38866745303028755,-0.275137437094394,-0.22153016514789037,-0.2600142144975878,-0.12351696161363473,-0.20206980909229885,-0.3375363069485032,-0.17642162735962774,-0.3372121939685273,-0.39023093815994825,0.009884289956027642,-0.09618859273557885,-0.04808953161408137,0.30720514870474513,-0.23331804861073663,-0.33292347421905655,-0.03357794888560974,-0.8746069472201673,-0.5092067936451946,0.21471036295858204,-1.391050262024116,0.13250820831115315,4.463097118621439,2.0664483559179505,-2.8697968353560688,-1.2916140629239599,0.675717864579248,-0.8599357571231308,-0.5898496565396589,0.2690781693711553,-0.45166766752804033,-0.05323106950412698,0.41050518133514413,-0.11991488686685008,0.2824920252256924,0.5914333863913074,0.23277687504495914,0.624749350431684,0.7876382101852757,0.3128650598038381,0.17408817487220968,-0.15450359022377705,-0.48003027708066326,-0.2866668700845879,-0.37316986622967663,-0.50280145175913,-0.2836266246897003,-0.31385150100222836,-0.332128014084705,-0.19940018458377182,-0.30417910520482744,-0.2938007558393078,-0.21819355177779506,-0.32247367442365094,-0.26658634785331864,-0.25940033045088373,-0.3667038814445181,-0.2459847982374439,-0.16030650775909727,0.03327307246066258,0.36496756850410117,0.016767498107604785,-0.5074800895964066,-0.38536340341685316,-0.3678432514692157,-0.5014668234404287,-0.36408643073466507,-0.5258654317678374,-0.13281774776391342,1.6006718564152078,1.7953845967937676,-0.8445331829611312,-2.1371456501606594,-0.5604764146308913,0.028746837936254804,-0.5010696260106215,Normal
5.595524044110789e-16,0.9999999999999998,-3.961339392799623,6.770971109097392,10.732310501897015,-0.18424122051469188,0.3714902427652806,-1.4576207831484453,-0.21453775046075968,0.5042221701008612,-2.1724504277951366,1.3071811258592163,6.770971109097392,1.7820532357803356,-3.961339392799623,-0.9284412669402875,0.8541145616160517,-1.1076307555267455,-0.36383087624152016,0.3879225630599533,-0.41237557555188126,0.27148846956895584,0.6112238426093459,0.07995105809123135,0.6818017399890103,0.9022092285658965,0.5841996752691017,1.1193515067787532,1.1858528050937405,0.6207977808506051,0.3674210538424584,-0.13291794764878187,-0.43679347482428343,-0.2221498930797807,-0.3846877848525106,-0.466703931962317,-0.20981153266289002,-0.2729054996802201,-0.2412548179994837,-0.1050166115898564,-0.25792251578220143,-0.20023887069939822,-0.12801938746286642,-0.2791475814486418,-0.17150728597481413,-0.1834199736647938,-0.3419223545205487,-0.13293815487933877,0.0013099783816717483,0.2649138305764809,0.7053404061618371,0.12215079442078025,-0.6039077098292912,-0.29021860100123476,-0.32480257542363644,-0.5808319471334616,-0.2705817996527515,-0.5447046073009406,0.14489199137176942,2.768925007774775,2.3800687085171712,-1.5898117434850112,-2.5522054694896052,-0.31272856347101763,0.0760187482758636,-0.6594455707560303,-0.18462597924503124,0.17359784541731607,0.052850174412191676,0.29199799991340364,0.3748304736527449,0.3587247141734376,0.6747954055358677,0.7666939758289129,0.7716942297968796,1.055971407343424,0.8760312837905274,0.18677936806826473,-0.2540124063852755,-0.47489492029566654,-0.536176277294012,-0.36909791784714097,-0.39660048047553936,-0.551528555325023,-0.504292872699505,-0.4469327678462399,-0.3228566475496996,-0.15747503280441277,-0.26021815113638336,-0.2885658259035724,-0.23874307273647255,-0.487074836113079,-0.43129583842568286,-0.13440659705634497,-0.2795322057217402,0.023452376491743754,0.7248213857282507,0.24227991086769082,-0.5982010662291117,-0.5183414600583944,-0.489309885379826,-0.6292852472983914,-0.566372923878106,-0.737204461270909,0.21497170324590986,2.455649945287368,2.34008383339265,-0.5500843812806914,-2.031805237914553,-1.1425531475064237,-0.35463280418890225,-0.3381341868951676,-0.3041899235931013,-0.12224824907172384,-0.05089292055141989,-0.06387756949137771,0.1295066946295771,0.4354050810820864,0.5336729897035736,0.5968518609536675,0.7675298989885846,0.8482747621010901,0.7419669119233264,0.3498661893601802,-0.1605779130804765,-0.359433905948456,-0.40391419731912,-0.5341556017500466,-0.5075424193863793,-0.42726547738750437,-0.4793498002919718,-0.41328865530571784,-0.28421623235313626,-0.29015429538648135,-0.30185177153995646,-0.3394500654473771,-0.42117646763037003,-0.3827269835682701,-0.29918390761917896,-0.2957894343851959,-0.3217052479192449,-0.15487556751318332,0.33497581174412133,0.46950104963749617,-0.16937307711501073,-0.6013392145375159,-0.5196440969022799,-0.6115849415121363,-0.5797024103365656,-0.5143639819986433,-0.6339542353036949,0.8248095187708108,2.948902182333175,1.4985384183804025,-1.8720940718056565,-1.895038710402394,-0.21432406499902146,-0.3403103835006795,-0.5570723894188161,-0.019205028772406704,-0.13516180073566225,-0.15326267305306918,0.23853130457672822,0.15038122789532718,0.2696180240226928,0.6760111658932847,0.6482432326105271,0.8527805285751843,1.06818456831435,0.4325311807465741,-0.14128350865954079,-0.29225553930260717,-0.5959226554397319,-0.61414702570632,-0.4672462641808977,-0.6164406025045542,-0.47665268787116,-0.2442283181505445,-0.3813659920515541,-0.29352402541231126,-0.14672807497568893,-0.3021798632268637,-0.22511699999170642,-0.13221258216641465,-0.26393127628732643,-0.10884658289673385,0.03201003941108529,0.03160887040629474,0.5105092689005726,0.9156296833230363,0.49316885884395184,-0.07894486598601416,-0.1685506957504362,-0.15816687636790558,-0.24912695068400603,-0.06453731093897028,0.0637489052289516,0.32574356609870586,2.4272210840156445,3.9828595028653417,0.6439771209330282,-2.5715957738629274,-0.13218257685066948,1.3950360460779683,-0.6558890374981262,Normal
4.263256414560601e-16,1.0,-3.678794308866055,4.305398036405432,7.984192345271486,0.24361692100309845,0.5854042816768597,0.8044863964616206,0.06156740581352977,-0.25725486535989617,0.08037032567666746,-0.2570044497124992,-0.22995657543381942,0.2800144024406756,-0.046482001385640785,1.1152714456728774,3.5145375619714256,1.885949987709525,-1.6544475161777135,-0.9799322504748765,0.8753193639223213,0.19888716335288456,0.04207656254991157,0.7985010141429103,0.5787371053533662,0.6612816343992801,1.0255632347696975,0.8059131518396676,1.1579032275485899,1.5692032598330465,1.2935255806450503,1.5682866941501514,1.8265996694063,1.2124967323925298,0.8687324385751866,0.7294660318853324,0.4277949092044328,0.5795892974489439,0.5886718020744405,0.3305877485107754,0.5441058960117281,0.5818020396905764,0.428637958208219,0.6885675446205709,0.6689530222041035,0.5558359483791825,0.7939460164991338,0.6564406199243062,0.6006656722904972,0.8992182367376705,0.8428788643928101,1.1424964752495614,1.3640263105783743,0.46361880855609716,0.2609254012637276,0.655580597812504,-0.012847453410695377,0.14032861465791646,0.7043595250812469,-0.11366730418086668,1.3448316210678861,4.070542386740288,1.5502571996425605,-2.298696607048433,-0.9838491249784425,0.834386202314143,-0.05599180848503955,-0.046311500045539404,0.6635295269781074,0.3720563246216521,0.39663567152538476,0.6737914812456384,0.5475499290380458,0.7273380198983751,0.9948711703619221,0.9688605022881943,1.0344047406785846,1.028237599761599,0.6790573263640841,0.2059968950987492,-0.08868750191432914,-0.15326728190650976,-0.221590199274739,-0.23177060005201205,-0.1335618899083919,-0.1913429419857037,-0.20788325100332777,-0.16120610019433984,-0.2926366704082481,-0.20722466083954288,-0.09945966398054129,-0.3034057468131458,-0.1570605543754375,0.07159860269506113,0.11226840926347324,0.5108531061687034,0.16244352456513264,-0.7570017456056406,-0.41696868079882543,-0.42267615018311433,-1.050958772510893,-0.1380399519689853,-0.4286029635492984,-1.3786636483842793,2.2704408519279955,4.305398036405432,-1.09444546872878,-3.678794308866055,-0.20427168914748542,0.1233372420849671,-1.3717734483057133,-0.1978272734574421,-0.19524108815701038,-0.8935914769751476,0.09323974279340712,-0.0018597312597271524,-0.4048563274524139,0.4694982815441024,0.27202048723569366,-0.03752700536707841,0.6562128805065982,0.17818161057037687,-0.4813331241310279,-0.3119963524920426,-0.8744260208168536,-1.09573539154637,-0.5792501110097945,-0.8960213185491632,-0.9864881856879893,-0.6273272727054227,-0.8902274730730214,-0.6842481393343333,-0.4817170124787719,-1.0791407965795574,-0.7472105155248416,-0.26901109344043794,-0.7315774383001953,-0.3174604215188958,0.03741234241903306,-0.7538465386681349,-0.7670579871028915,-0.8820627750781678,-1.493288721302119,-0.6272960193674216,-0.7896868340191359,-2.007277727668707,0.664263330663179,3.233499341486976,0.09954012177800747,-2.4592978980996043,-0.9900926548999975,-0.7326452450903094,-1.4936708731512711,-0.7472503918663828,-0.6189225733548891,-1.0067055958570177,-0.47343400953741704,-0.4135567370287861,-0.6350192766252862,-0.1648455328849098,-0.04683180092375005,-0.12391919990780437,0.25327579193072924,0.27473508402770735,-0.037240910189579465,-0.3029538130680814,-0.736101740951417,-0.8719190429501584,-0.7386542639411354,-0.8980285866979467,-0.9115803789608716,-0.76127775404929,-0.829030700455488,-0.6888406504851441,-0.5928784881625665,-0.8271507897205034,-0.621791325051002,-0.319911799137805,-0.46458836874799464,-0.2112042138678019,0.11135120747132858,-0.2973881033903379,-0.618170125153367,-0.7723061147224015,-1.0423050919115993,-0.6953107800648242,-0.649981956762048,-1.2720873141683717,0.0280345418367132,2.287867309478089,1.3421724536955557,-1.327789351842629,-1.7608107011828216,-0.9314019910160795,-0.7091206096740706,-0.5816301814589726,-0.4854062270261884,-0.5272089447024221,-0.34763021620309575,-0.22613941982322314,-0.14534307602690155,0.14639274216464623,0.3099775373784905,0.3692473640639182,0.36334889688671373,Normal
2.486899575160351e-16,1.0,-2.745412033448178,4.397135804639182,7.14254783808736,-0.7712436609724209,-0.7073493281665567,-0.6717338582822197,-0.7328129184381443,-0.7077923829996748,-0.5407208087505884,-0.5047893785646898,-0.4703461681410861,-0.2632794332144685,-0.3071447655687657,-0.6052003376252024,-0.7489140995495074,-0.8498578972338735,-0.8079637617915939,-0.6450337704686361,-0.9356426997284192,-0.7150588454711986,0.7839098161881269,1.0992091123650656,-0.6414520678038472,-1.498738792391824,-0.9394542011527903,-0.7593900906008907,-0.6973919391770795,-0.5030989220376726,-0.6495306268471982,-0.5468920317142223,-0.3436351301061823,-0.461605898258732,-0.23492556240712525,-0.003427728749944887,-0.16325118941475036,0.02223169738685582,0.16846650504882343,-0.09693569856154714,-0.1552916180570977,-0.35528934995812805,-0.6617616072160293,-0.5043897074004834,-0.5828738711309006,-0.7688732058571766,-0.4799912767333565,-0.5358500337378509,-0.6627172578122623,-0.3709635882287053,-0.526771051382206,-0.5737134530333928,-0.20348398810112667,-0.372621950145154,-0.21383580783760836,0.0933614915967638,-0.6574394558969535,-0.7054679119936406,-0.24696979228272833,-1.010173993732258,-0.7154336307788066,-0.029323914504431815,-1.374579216030088,-0.37302699464001754,2.6862354353787046,0.7279353354561773,-2.745412033448178,-1.368782882307628,0.1551313181939204,-0.8112188534734195,-0.6558826007794962,-0.12260910921595189,-0.5213388945599611,-0.30765015011568486,-0.03792982507202792,-0.2342963795017316,-0.018989927232281874,0.15252196943272037,0.1265503934737562,0.335328454647062,0.3154890706950215,0.046102263405007886,-0.12934416321157935,-0.27236602181787456,-0.31004951253946617,-0.27074178842212654,-0.19908432576006033,-0.1124732298610391,-0.1399480799334069,-0.02373611189294567,0.13745312287537967,0.06642939010061788,0.23355339595820473,0.4538702419705354,0.49335184214346417,0.8253949492281688,0.6472353892825653,0.09039326044609411,0.517435498682987,0.4898151740275776,-0.08657879968130042,0.7502078672995848,0.5628311624403634,-0.39144666112077064,2.453293847875065,4.397135804639182,0.5370221168381649,-1.4483080398698425,1.0882964856291946,1.3873644129391574,0.34633685019647004,1.2339953063055105,1.3976852967948383,0.9506746877311768,1.4575919676263531,1.4415940094754967,1.3691980962507357,1.915039552739761,1.7868785288147468,1.6842567453215223,2.1111898871385657,1.8776854594336787,1.4775340001940571,1.4403300599410045,1.1817076879632888,1.0914037432843895,1.23541047719064,1.0987147856322939,1.1176479781223738,1.3184519196807953,1.1777671994617351,1.1725867858525794,1.6221089804596303,1.60897496692701,0.9948064178507637,1.074115514955089,1.5733267907974329,1.1283349825108868,0.7528194179098544,0.9955482658123668,0.48521366920535536,0.38530879650791183,0.9934890411080027,-0.005173737124359068,0.24325728564553373,3.4846421090899997,3.126241546518708,-0.7787402724700478,-0.7292206752426701,1.089472492018067,0.16233658717126334,-0.07502542486126643,0.7573795006064384,0.17191025808666618,0.11768150206829107,0.7061848859734524,0.31990862903751804,0.34510016612531946,0.6304353626090706,0.2552028162773857,0.49708160726530043,0.8184289260632914,0.3125651202063579,0.09782328483075489,-0.07656324351346645,-0.5080997726534899,-0.3487793347763703,-0.32899941895306667,-0.6745073799889585,-0.5211214639053899,-0.5661521539673546,-0.8221289254046888,-0.5010642726459241,-0.502040347891206,-0.8349063054376631,-0.5792186644234498,-0.5025890543786652,-0.7080134888294054,-0.40116876773502935,-0.3162886590990283,-0.7881031263495777,-1.1064373918340047,-1.258171501295211,-1.1507224895086114,-0.9479379192694964,-1.3483280085845728,-1.330744709338098,0.03475706202759946,0.7197890376961135,-0.5664225571342031,-1.853080312547345,-1.7734699664391387,-1.3480027828906578,-1.3554829457961453,-1.4093823433612382,-1.3065454912090055,-1.2475343135269146,-1.194292748423667,-1.0804306970175148,-1.0519347919621527,-1.056418899568852,-0.9472459495827841,-0.8514141409416272,-0.84470443347739,-0.8212299302999715,Normal
0.0,1.0,-2.367000454949479,4.7399291231805325,7.1069295781300115,1.9598718087760336,2.673491281814215,2.209002330543968,1.716348160131591,1.9457699969527444,2.3006932940061264,1.8366095663882982,1.5035495899611628,1.674153931666613,1.1162345935350886,1.1233123085628818,1.6818648118107264,0.5062890368591226,1.1339861251198182,4.7399291231805325,3.7918048328171574,-0.5047074324809323,0.004886440748103506,1.8733029423874723,0.6655329361471789,0.6116912674335556,1.482381004403044,0.7260214379998978,0.808222631860629,1.4210492571107818,0.9190968549330445,1.0439889086163046,1.3147428773419072,0.8659151724203398,1.2300382063908308,1.520430986149174,0.9001229283296786,0.7268415404351375,0.49267456688608247,0.011413461466424505,0.25872194816557925,0.21798642343000146,-0.17214911025989196,0.0627110862326432,-0.0513731012354725,-0.3220636479835533,0.10142559454289858,0.012751244345635978,-0.3463139068519469,0.018986921511908388,0.02045063203867876,-0.19459055567835734,0.22641428182006737,0.21570446148847452,-0.33284669857556787,-0.6175077222485827,-0.8230572593676385,-0.661356841438723,-0.42892354251998377,-0.9739916427961859,-0.8014489337895964,0.8279978518367282,1.3379973687219437,-0.1885970314274587,-1.4847261515208037,-1.3664978947997077,-0.8702858378201171,-0.8924652627711087,-1.0074967296185722,-0.8213456167757166,-0.7632773176942844,-0.7650648767984637,-0.5586162654597545,-0.557734718501197,-0.6146704092339758,-0.3960890060466826,-0.33776039837158855,-0.3694624248986172,-0.30673799103340027,-0.5650053184613304,-0.8761626370853205,-0.9767072479078294,-1.1871347935022842,-1.1997250972094191,-1.023805863841171,-1.1226701356327282,-1.087604193132157,-0.9636126212998539,-1.1527375174170142,-1.1078365697581922,-0.9797142169008238,-1.1484623890219605,-0.9735109174720281,-0.7766311804893439,-0.8883932916270019,-0.5988617731863838,-0.5980804441123639,-1.14545886650962,-1.0800558695922216,-1.159292702169882,-1.504881048605968,-0.8941163971413666,-1.114877871627809,-1.8887223765268177,0.23895400255412608,2.0421077642654577,-0.46954660741091975,-2.367000454949479,-1.153599643217204,-0.92685201896428,-1.4560424069448479,-0.8319808993235324,-0.7711849576575266,-1.0600384983195692,-0.5947053082010871,-0.5858320739159758,-0.756830308972819,-0.355740718251928,-0.31459446316617035,-0.3544028064511721,-0.011384871816402811,-0.09987231172050319,-0.3974179320373949,-0.5024003236335732,-0.764430129149039,-0.8558458528322577,-0.7589881167363068,-0.8650549496887041,-0.8025086492183743,-0.6387553911373952,-0.6777034970350287,-0.5605850204728031,-0.4414618856068951,-0.5364120604191057,-0.5099128275997494,-0.4851240949911683,-0.48691838792470815,-0.31790412194541934,-0.202725808737238,0.012417536142115064,0.19579801703921373,-0.26387076124906605,-0.674759376297785,-0.5269907739289394,-0.5663529386249968,-0.6433819082193728,-0.5586582269075988,-0.46502901395636564,0.5760562556284717,1.6458780471586796,0.49036457297347164,-1.1792267792019753,-0.9512283065845122,-0.2562455193384729,-0.21355476531885412,-0.13884942195439834,-0.08694746568477668,-0.041499010289666474,0.15452181814438323,0.15409773065518054,0.2026467413127464,0.4080998448507026,0.40778538382572865,0.5228524192453267,0.8036582517746356,0.7644729658550513,0.5023310200664404,0.23908941684106397,0.08344400265123751,0.035446381514112606,-0.1252086317882441,-0.07795574262095153,0.17800009803100622,0.0014517357017195655,-0.06747349356627555,0.3232183334655677,0.26500618384234037,0.05229986152244095,0.23025668581371916,0.23224251490971032,0.2456909911685501,0.28423040217620865,-0.03288712977044132,0.12958817188737787,0.5645563661017904,0.5040750160529838,0.7889565190127958,0.8419120034383941,0.020018214306551724,0.06530414517181257,0.37682232516702213,-0.15393689064688168,0.23791646832908972,0.4632547511406925,-0.30707270424266175,1.4027386524130523,3.2799446113503254,0.6497041069311149,-1.6674715570858787,-0.12493084994165625,0.7014146736587322,0.020169850382715883,0.24802530402642137,0.4479129008084601,0.7153632472681517,Normal
9.237055564881303e-16,1.0,-3.5564936370025717,5.018485112062572,8.574978749065144,-0.13413021238453113,-0.9984247724313342,0.19629500907934724,-0.5625598316484671,-0.8001174620384375,0.3602730409683866,-0.7730692093868321,-0.1774091107783355,3.3066948449269438,2.0164532572505336,-2.179008420583311,-1.724766239253139,0.3043128047847386,-0.24739678029061488,-0.5499606893790012,0.12667672693313953,0.010746337609558895,-0.12024206970190064,0.23994585434848506,0.3290310602264372,0.3863863915271715,0.585032219582312,0.6265835899623035,0.8135568611725295,1.0004001229530917,0.5999032516343881,0.07040185680408535,-0.08421332878085416,-0.2014539038904471,-0.27645914676566036,-0.1563467057429109,-0.14755171767859612,-0.26368865992169377,-0.2915180786307433,-0.1839013577105864,0.01884841493176334,0.0367177258232052,-0.09841338189053159,-0.07590381667436663,-0.11748190312692253,-0.1686028553128896,0.04863170621639755,0.08597878980826792,0.09999905051807831,0.539869147873005,0.625827356663149,0.22278048228535882,-0.009042713448473677,-0.307497354787813,-0.38831075650672375,-0.08437733104139238,-0.45182590361146313,-0.4727721237363142,1.3315023392722551,2.426592007122666,0.7827393661577771,-1.0955968677554322,-1.089384102367958,-0.33000086320360184,-0.14950211484347115,-0.23558550866267391,-0.05437392184601676,0.03515107449586063,-0.01475115736789503,0.2039943603903837,0.35487172493229446,0.33695752574702004,0.5065280465160849,0.5944519335899547,0.6940667275609964,0.9021810951537492,0.564802502926294,0.06749963918424562,-0.09781805009038401,-0.43199820451797377,-0.48864748660787044,-0.18614230486962072,-0.3425412369047505,-0.3091302689434013,-0.041675233496888495,-0.32619231136575877,-0.24730279801512964,0.005952532270504929,-0.34786593912702485,-0.07720568595709715,0.1842664717648368,-0.5053574751530975,-0.2968745103330263,0.29308516367080706,0.1208250617098453,0.531487755621831,0.3568544440952145,-0.6085553306090545,-0.05384735634679488,-0.1389044862451768,-1.0517900690800905,0.18454690668402698,-0.1972630074533022,-1.603789951073326,2.5715978308764793,5.018485112062572,-0.8494413731646687,-3.5564936370025717,0.13498691264756307,0.4905064633489449,-1.090823392008062,-0.08695367224664913,0.09489834536139058,-0.4099562534562969,0.23648315375291626,0.12105236090753906,-0.15001089183075608,0.43402824165736953,0.44568073553511406,0.4025509287885563,0.8549694878940071,0.6509364626101654,0.06657649632285004,-0.1711794771586906,-0.30643302573889897,-0.46253273096539943,-0.5801112230592066,-0.5653947390661506,-0.5095539429901021,-0.48680053097887105,-0.3128402891240108,-0.27231975061622987,-0.352315234286894,-0.247832754485669,-0.42459963176599647,-0.49357223100146336,-0.06377671588622907,-0.2286911511086585,-0.45851782890436144,-0.01725472499625067,-0.12151590371340487,-0.09107659024833044,0.44036792928633156,-0.2047816470188506,-0.6058027930401153,-0.1661382766469755,-0.8079873029935067,-0.5635598528365807,0.1708912130191808,-1.3142705628270113,0.1796202431983947,4.494311940256936,2.046300231973535,-2.9782509217936863,-1.2774469897041383,0.8056351062228884,-0.8509074689272943,-0.6522935639983971,0.25119583521537864,-0.5446799939828029,-0.2429579997166013,0.2787184774960715,-0.2186790979804328,0.12357207795569229,0.4902406843601174,0.1957152435265395,0.4989252451854391,0.6787634463875319,0.30822782052130326,0.14397205762182727,-0.17891428287900807,-0.535987469964065,-0.4852479432334501,-0.48898202381521627,-0.5082868073053673,-0.3643440048053384,-0.31151003328283,-0.3413523919039603,-0.38903490091939247,-0.32494292126172225,-0.24985925202618148,-0.36088856547553355,-0.26064624162350225,-0.16770830693653313,-0.4004524375687904,-0.2467332349460513,0.027169550502701843,0.05882681171370844,0.3768164029968419,0.21475206739687142,-0.2064766641269336,0.05182142882384004,-0.47629864155217466,-0.72133260561194,0.5429870819388743,-0.4390932837269841,-0.9035073979653007,3.97293456721718,4.905867656571784,-1.5582768443884667,-2.6915649921076916,1.1869137932748473,0.3738599664186336,-0.6695454627675086,0.916420963238205,Normal
4.618527782440651e-16,0.9999999999999998,-2.7247079746579024,4.981926361499566,7.706634336157468,0.12779506960064096,-0.6502587068975781,0.0037504974636678777,-0.4515086226121146,-0.8055744675902483,0.3348495585904622,-0.6945830490275453,-0.8322745626224282,3.0638372582103335,3.0367757859807867,-1.6157803797852193,-1.8430439321177075,0.4974884941995074,-0.20341960918862306,-0.7296957770222808,0.09074781260950816,-0.18219733452512207,-0.3164175040937336,0.15828758051620645,0.004950289128518052,0.010498770988122538,0.3480870539394553,0.303420102757853,0.3510697355011903,0.545293594171839,0.4439823389158061,0.1990959673063441,-0.06515047944321366,-0.29318194262438835,-0.40236424696427686,-0.40878880310770493,-0.3401184282661455,-0.3240876177812504,-0.2683927630072264,-0.17769820824386798,-0.3071517967805432,-0.29600754173702015,-0.11738263393787643,-0.2724934873480261,-0.25283469689827487,-0.04021697515663345,-0.2838267597672227,-0.2638917098097305,0.06340035871485004,0.01359154250098363,0.26543383869136233,0.3731966866087148,-0.13883830658272503,0.027008482725798918,-0.09355810551517757,-0.740680875645321,0.22272546824848377,0.21353683272722218,-1.1311789733813602,1.889630933450389,4.801148447985604,0.4530680870780683,-2.7247079746579024,0.19572034744332936,0.9183920411516484,-0.5732423038242714,0.45448896130820515,0.7330233397997935,-0.029243333111433522,0.7152978333736085,0.7118232944767895,0.3105621338621696,1.1739806959390513,1.168704485155114,0.8112569710752193,1.4170493141239862,1.277159936367518,0.9135450895472461,1.0183460421222938,0.4495477576954623,0.31936172990464445,0.7021724132413275,0.25923153230477003,0.3663314017905351,0.8633887647561541,0.40763064430194507,0.5250911041595746,0.9178010078813335,0.43354353429142994,0.6708165182347049,0.9731922992995462,0.37122439171517163,0.7391602980506743,1.1577534967497414,0.6856263091569815,1.1841624286322767,1.315986057116583,0.4456433354040706,0.8123660697288003,0.6774365101106778,-0.171532976604674,0.8886341904414767,0.6728982393591899,-0.5341980489032336,2.7954156415256097,4.981926361499566,0.49240052938659484,-1.8195172641316768,0.7641063094386578,0.8385419111097611,-0.3099685915981063,0.6834279127433637,0.7046667403265601,0.11578959378388498,0.7624924342575161,0.7222345168650501,0.4090425289102818,0.9898842457548057,1.014429489789001,0.7828748955995211,1.0446307062189084,0.8765016160526665,0.6144038903794112,0.5232308473023349,0.02454030183538457,-0.14761823282249553,0.06536180531244498,-0.12594798899476434,-0.15688933099527302,0.012049116751120612,-0.16931714677795145,-0.14653179568673957,0.012457252237430936,-0.16691291439321973,-0.22404440963037978,-0.18740485511219163,-0.24825591850451018,-0.133475112097674,-0.06473845854975951,0.058661098278284474,0.2296669426547767,-0.2996389380365825,-0.7758724311173308,-0.4701012053449944,-0.616739572789131,-0.953343557065198,-0.6454634246589087,-0.7201430962241605,-0.21041156736579794,1.618305134235534,1.159934723964663,-1.683249521840354,-2.1141774210929514,-0.6490971175618739,-0.7180481409591409,-1.0729597436356495,-0.5691916745673181,-0.5804739989961454,-0.7156147956308097,-0.3868853925986148,-0.427762288397063,-0.573491151110223,-0.3441394968426748,-0.21586111693046758,-0.13823541996734642,-0.0527203963111211,-0.3265041678259656,-0.670536091343802,-0.8410127503059048,-1.0299388506386953,-1.0776742242745867,-1.0239998359199203,-1.083377166322482,-1.0146722771743453,-0.9206089628802909,-1.023539204926017,-0.9901140149076234,-0.9398513082866307,-1.0662692212245424,-0.9226340091980325,-0.7219457535869941,-0.7395911474220216,-0.5239449265857643,-0.5014796272241672,-0.8806393387930579,-0.9036860047241286,-1.1411579006691122,-1.4764901282354455,-0.7587759853014224,-0.8774306632052407,-1.7460805581893715,0.45384588105814744,2.469148015263157,-0.5059272402109485,-2.655396004796989,-0.7817245598320995,-0.6202550216221642,-1.6267753219367844,-0.5810680306911774,-0.5754338064948761,-1.2397006622415072,-0.2879848539721939,-0.45487999656759026,-0.9904428190722911,0.21031730830577863,Normal
-7.105427357601002e-17,1.0,-2.470787552860742,2.3474570918657522,4.818244644726494,-0.522699220473941,-0.42616078101524346,-0.6589751591761378,-0.4500706587623956,-0.25546156059878405,-0.4227591664691311,-0.12126808022762779,-0.10098287801675677,-0.5438521894705435,-0.3931446209593621,-0.6134422581358028,-1.0017150595128577,-0.2501642196251758,-0.4387298621543681,-1.2078074119310918,0.736714672979685,2.1162520435859076,-0.297085849619472,-1.665330623502804,-0.39231950265695403,-0.344242131924104,-0.851715243730312,-0.2879562696279292,-0.2882538935837082,-0.5213272161677399,-0.12369607245291306,-0.1675872925857804,-0.27100497900397,0.12242809476060444,0.13790294565760708,0.09607676469509396,0.4044351361578549,0.3474379238474814,0.11487514399795111,0.05143522401269754,-0.16666283906056334,-0.2975747053406226,-0.22005774601332134,-0.20490913551668874,-0.1204444525521536,-0.09604394934184889,-0.2039718684936883,-0.017084103306315886,0.2011004982785045,0.09594497880704754,0.11389001883379325,0.27791687859804043,0.3382713937154225,0.544147086956235,0.7439413111698489,0.5882173976714852,0.3807029387115212,0.35350818401574824,0.3637215569932382,0.4206607238849785,0.47665102113948277,0.4430809881281221,0.8028489114555999,1.846231722646765,2.3117403033874573,1.1912564438228275,0.1445011953896703,0.6106551524232594,1.1484615261986657,0.9340490034342357,1.047072075008305,1.3411026089492546,1.2449259033520008,1.359200400257821,1.6022023455567507,1.5772731121838757,1.6979698497665572,1.8437695159235825,1.8261586379168149,2.015653394879299,2.02615658417908,1.6189933739767273,1.446170591394682,1.4443575633389545,1.3050749305433642,1.3250336572245327,1.3904866366679722,1.3427763659919536,1.4030511864038167,1.4323950563825456,1.3868944290993606,1.4319645399584409,1.3899218069946593,1.3028773540120089,1.3836066390151611,1.541483183740431,1.6692793880837904,1.5391172841006566,1.1663585514699688,1.0278777834405994,1.017114145997599,0.9009630603648118,0.9095435543137707,0.848689308617805,1.0567152135478781,2.092948661116453,2.3474570918657522,0.8739477187951801,-0.08691396556429376,0.39319050239398284,0.7341560104740722,0.624948837528535,0.618637137476742,0.5952862756501636,0.5946539927879155,0.6400810913712965,0.6114845100585908,0.5853081403473983,0.5281546483077832,0.5823085797494687,0.7689588536808202,0.6803923924192903,0.4794424333845488,0.3431518089763724,-0.02740528910987828,-0.24058134499488193,-0.1492907666167679,-0.2884743464053522,-0.3474000884899474,-0.22850986209088867,-0.38850606978557445,-0.39838088372038727,-0.3080374703666903,-0.521840389789677,-0.4042240835173387,-0.225078918489537,-0.45779832921261543,-0.2687255909069081,-0.15868397128051623,-0.6674575594414972,-0.6883319984912528,-0.7912489018787878,-1.226704824624753,-0.6605536138596226,-0.7526989172937512,-1.6252039233222884,0.18928011112714405,1.8759138568929998,-0.6344348684771772,-2.470787552860742,-1.0685384243743898,-0.8284155135362762,-1.5339057708318933,-0.9298677564899963,-0.8406259100753962,-1.255305531444586,-0.884226308263704,-0.8658083034715726,-1.0731201105731647,-0.7076659327711972,-0.6155115029655084,-0.7009600136435598,-0.5342899624831041,-0.6371187915997752,-0.8324863619088528,-1.0041127697570185,-1.3598868113828364,-1.4151239246955898,-1.282034963467332,-1.3539360406034582,-1.304735987573907,-1.2833591276004812,-1.4072510482728298,-1.310787710772113,-1.257251675593866,-1.2665586875576509,-1.0440325956325474,-0.9559707759777889,-0.9252107479095308,-0.8007451626509199,-1.0803874185587754,-1.4088181363921661,-1.3568856689225306,-1.3640861037230256,-1.397937766680012,-1.462148353369787,-1.4001060896374005,-0.4170581282805358,0.24503158662696287,-0.8713339238710107,-1.8184791615147675,-1.4608454578794225,-1.2639812051890267,-1.2269532017048281,-0.986967608951076,-1.0952954005627946,-1.0197246191470462,-0.7584997621813148,-0.926085370388548,-0.7975756270200113,-0.4905120026588405,-0.6621904352123927,-0.5037713683019684,-0.21719505239219944,-0.498564841021595,Normal
0.0,1.0,-2.6595503208451943,4.056510924553289,6.716061245398484,-0.08884575101172404,0.03532798677448013,-0.27209692484562215,-0.13155721976505616,-0.05105791245173511,-0.46237899074551303,-0.07949087045176548,0.041236389093135976,-0.3723674527521087,0.12378012453953001,0.050137067093875075,-0.6999775152834685,-0.45979239882628253,-0.8284928888627473,-1.3009137849643047,-0.3082488185967168,-0.9353475736044438,-1.7245036072644335,1.3477801778852154,2.498413818142654,-1.3361548353437942,-2.6595503208451943,-0.7877832477877325,-1.00562581225132,-1.5602603158784283,-0.7746934334697428,-0.9141342484433558,-1.2161800154963411,-0.789714292714914,-0.8824777665692523,-0.9669305949193789,-0.5713979235317441,-0.4968614163761719,-0.5110927244810399,-0.41501712163870624,-0.5322625677834123,-0.7529814748573955,-1.118980563269252,-1.462673165438006,-1.4540108758766321,-1.4015653765510836,-1.3942825262119312,-1.3377444725033254,-1.426553102091874,-1.4471654685110653,-1.3513745697657067,-1.368240746213595,-1.2207159787596795,-1.003398600170375,-0.9584599832131074,-0.7724924296647343,-0.7685168793390437,-1.2121884304992367,-1.4535665477371977,-1.4684642695083874,-1.474162678384179,-1.428032387198696,-1.6666419077562664,-1.344639053274471,0.138932654338865,0.45817010296548705,-1.1441493243535503,-1.9871013957197525,-1.5416543474893123,-1.2915326769574271,-1.1678062111270955,-1.0312667437902796,-1.0701132814897636,-0.8916590348230531,-0.7554185541604699,-0.8271298747314831,-0.6031322434244597,-0.4094355556476679,-0.4548587589298346,-0.24245743105826076,-0.07227908183556618,-0.25584638332297,-0.4448430868235251,-0.6737864547718743,-0.8826846967182126,-0.8239615599938923,-0.7940800607444894,-0.8158496382958376,-0.6361637384967452,-0.5311805571757447,-0.5859026320834855,-0.5197949870482061,-0.38850294969857496,-0.3178778690123154,-0.20729030310179197,0.02223769013286148,0.1917910014930055,0.037675399888751425,-0.2883234193589941,-0.5014213155162841,-0.5271402117624753,-0.35000641088258844,-0.40962432919255565,-0.6346668036549583,0.30217228383123074,1.7683400952040154,1.2182492151362887,-0.5356085114207416,-0.7939241508433967,-0.16252186073354108,-0.08822046841455837,-0.045048815519727975,0.16167653100566862,0.21961355921616335,0.3494286170896825,0.4502948272770862,0.4401680283292217,0.5872943650421806,0.7498334098823979,0.8006485007773115,0.898882331048577,0.9896971380470656,0.9172636943084834,0.6183121054649381,0.3376610003629785,0.35762268004050346,0.349850989422286,0.20814074113611986,0.3177215282684492,0.4232449495980146,0.3434437749208141,0.44357303245789537,0.5078376498823504,0.45096741233710497,0.654949992726628,0.8722866226787414,1.0041192379647896,1.1130523420561607,0.7167639293150757,0.28566700510665227,0.42585834305749015,0.3687938566157152,0.2240066511863629,0.47557254912417846,0.4214306698982415,0.8969527961157465,2.4116658350804747,2.1562172698974935,-0.0068362430920022605,-0.4824991666518219,0.5442844662676698,0.6712167010216207,0.5401374682139033,0.8238618612925173,0.7788965855570632,0.6862278118083057,0.88594945788995,1.0228947797686017,1.1247048440995775,1.253200269845084,1.342380225396786,1.4360325908828524,1.4117634834236636,1.2101933832042733,0.9143469955835866,0.6657905555673718,0.6298900336689613,0.6193984956982302,0.5571719777088783,0.6320096696188142,0.6119807974453392,0.5457690973398952,0.7166338941666336,0.7306002282327592,0.7035464851759602,0.9993906311686329,1.1192029216488866,1.2098082469655391,1.2792100635331083,0.6385735118051027,0.42989808907866184,0.8606449452021492,0.2485299240518717,0.17636090305988453,1.0615746534391506,-0.002432945580270456,0.2723308001571261,4.056510924553289,3.4498993036278534,-1.459801716201005,-1.1916069873953408,1.5146539113605912,0.42251298906693524,0.03853343895531437,1.3813819471683186,0.7214431177498007,0.3953593146757623,1.1541329209929543,0.7251127848176936,0.8585647418128423,1.513757297943446,0.9829840887121462,1.1934011289090618,1.7081532121326937,0.6139366780720359,Normal
-2.6201263381153693e-16,1.0,-3.966339159993784,4.964665797551975,8.93100495754576,0.7007862330590792,0.20530334825639726,-0.03269087190622953,-0.19228155907596595,-0.24093429399179783,-0.20515793921011294,-0.20182682374329677,-0.2245417654153752,-0.2467147836004774,-0.07855242757595353,-0.02913178499968044,-0.04048682630064928,0.3462013367319047,0.5531171747925541,0.6872655009797025,0.8020805924750561,-0.127935435517201,-0.49473953758821604,0.1874402563370401,-0.7100025159388318,-0.9015254892387966,0.5021175598835175,-1.069925603106702,-0.8387330264973849,4.842424150299132,4.147330118640772,-3.141148456745689,-2.932446834859692,1.0233863137611998,-0.3975988195067714,-1.0099701973910014,0.80367826572267,0.048761677669579014,-0.45118079295677793,0.4347245027891786,0.07647858190230175,0.22723575116647118,0.9162170506792177,0.5408835260423245,0.7140708428074433,1.054614470683206,0.4061905250845741,0.12110930154860353,-0.07067356253207967,-0.5638686281145702,-0.3967360369491212,-0.3607879631795968,-0.624810009988443,-0.2864117223444027,-0.11702336730807339,-0.17418679560719624,0.04816133893276445,-0.16025317477722018,-0.2740097723291211,0.2989053291413628,0.5557013218263082,0.5916673210655969,0.8140785499289177,0.7000975903868126,0.6244488155668952,0.7865698658153989,0.6613084487275079,0.5985648466888508,0.7042490622842731,0.5914640161195759,0.5682656824813913,0.633595712141817,0.49702727216972137,0.4189978324633975,0.4205683965078485,0.34980984442307644,0.3166266041912854,0.28180271616070185,0.21170362527823947,0.14531943965117683,0.07147953765674278,0.035301235912664194,-0.0214988177261973,-0.07133116461715988,-0.05337630270644568,-0.14609530182044345,-0.26697262751279804,-0.3112537321134154,-0.41480534747472075,-0.397261063951717,-0.3544308039397704,-0.49077704104397724,-0.4135896000028558,-0.35087544984149655,-0.5311060993221524,-0.3764987546109239,-0.3353660757673351,-0.5635908272452964,-0.30015815623063086,-0.4350872879573228,-0.8290979908056854,-0.24951524595178542,-0.38469553925797656,-0.3116409943550954,2.7197453842993276,3.440006304520455,-1.0618637568736744,-2.74503837256586,-0.12187111547050945,0.13494295049370583,-0.795877049735848,0.010393431392827203,0.05961798127824227,-0.24529333763343394,0.3843386334359645,0.272870352165316,0.12462774836129734,0.7585491909579545,0.7276809854245317,0.6818631227855332,1.0900849690394612,0.5601300262518925,-0.20498080762970167,-0.26654076882640526,-0.39740259615136864,-0.49205577065988554,-0.3969352787651655,-0.5414789618763185,-0.49349408889683055,-0.3040824990126145,-0.40946689450498225,-0.2894865250573944,-0.1065118559675887,-0.389519185694258,-0.41130369951927453,-0.033420866260602755,0.046422836300327217,0.24269724651525865,0.657129143344094,0.30066707517033564,-0.48599798520053156,-0.6521042579269682,-0.49486979185965363,-0.4008706692214048,-0.45289682863515207,-0.7322590572037418,0.13740996230910305,2.2184632226957426,2.0210246081957974,-0.8098799506289156,-1.9866495902184669,-0.9007575079751541,-0.33934778723681486,-0.42825884567410616,-0.3092270399970427,-0.1478881149329404,0.04102547525556867,0.0480696007101147,0.04937639494596798,0.38240257030096436,0.4311831252065178,0.42793225138027313,0.8906425203615551,0.9231019535187326,0.5338235061518756,0.2971847751692311,-0.1736649572086038,-0.40990691981634186,-0.27701060843272557,-0.5556242774647953,-0.5719506995679584,-0.3043393868813061,-0.5690630717819146,-0.43274451670659225,-0.0785098042551267,-0.39852862728913807,-0.32927738534386275,-0.23114209408992717,-0.6592248191926204,-0.28911376976331626,0.035848215964663234,-0.0513442296481142,0.6352734766817033,0.13034189557718476,-1.0402967598431287,-0.19794397157309318,-0.3844976885100432,-1.4689297190675834,-0.055950897000289414,-0.5174517884473909,-1.7695545780549782,2.936156000773124,4.964665797551975,-1.634068126809245,-3.966339159993784,0.07361608641858584,0.0673406170517415,-1.4292091056944582,-0.046630416078772316,0.01381821435287111,-0.6255532268292283,0.19860910391687464,0.16810031028809608,-0.14822403393104333,0.5647279862905293,Normal
5.218048215738236e-16,1.0,-3.6951414625659824,5.179895425635258,8.87503688820124,-0.0779288344746471,-0.06185693730430404,0.4520618829524338,0.6331115880226383,0.23711187938903963,-0.38157255984360594,-0.13594726536792526,-0.12472967423359979,-0.796290967007374,-0.07774323050510301,-0.12054430618054128,-1.1620346114193878,2.0736498497417037,4.531187736020534,-0.47898155447881385,-3.4003395897591497,0.05495927115753357,0.547606243640978,-1.1353390443970615,0.11858374286472764,0.38141199862289327,-0.4638318918573537,0.3914322239826824,0.44541662599117465,-0.03084286903253202,0.6613227810726664,0.6106396193795516,0.38342472767512337,0.9854462463072514,0.7080122761315749,0.18906603921584372,0.26677262142929475,-0.15825303380812886,-0.4206658908688502,-0.16212088145088416,-0.3125115751199167,-0.299436079006603,-0.042126654081239986,-0.22319254273692202,-0.2392385045978232,-0.05720153638489431,-0.17681660465357052,-0.1250156814169742,0.05979788899832276,0.0308357737352436,0.2689833370747526,0.6805144000165941,0.4604813980756239,-0.1580627963752152,-0.321943877724319,-0.2834352322547519,-0.4545682625893701,-0.350066763879084,-0.29424882643177364,-0.26733379091694376,1.282830782166677,2.6208186508776095,0.5738281401768792,-1.8024282611109361,-0.9908360662398938,0.1507771796678124,-0.20335285982171222,-0.23213097257095527,0.0611343315195734,0.0349855914842595,0.1482710263500708,0.2545931968829595,0.2902251953712635,0.40882230003334635,0.48408290205126486,0.6676124018297621,0.7558189387658744,0.5417396297784773,0.29513165916826434,-0.10891442931707282,-0.41140046583124623,-0.2816606571274431,-0.309771876130069,-0.35947253962389286,-0.1631551683541497,-0.24989693830141224,-0.2163898278232905,-0.03565134514329162,-0.2891090923992378,-0.21492658219528557,-0.039483810840217216,-0.3904011612726467,-0.14936094041728318,0.18619138933741008,0.012193963367229336,0.4581387385863085,0.242246549049254,-0.633545741580044,-0.02985047078980948,-0.2625003055504499,-1.2821803846162187,0.06776909091712638,-0.20118446497225248,-1.6452391962223287,2.6012468516177867,5.179895425635258,-0.820447583301604,-3.6951414625659824,0.009116705374406328,0.3417651161521516,-1.2211450656520626,-0.08641413055878068,0.07727040799537924,-0.5027002684641277,0.23777857342232395,0.21690207240086257,-0.1093661744353456,0.3845899918364136,0.41847460864236263,0.4515508311332328,0.8740489805158366,0.6416841752690319,0.13023016964074086,-0.11393209676780448,-0.3086041110699204,-0.3985792704154668,-0.3904165275201137,-0.31332370855657266,-0.30632084979739693,-0.3342348490164511,-0.11796518139139249,-0.1984961989915494,-0.4893691737440694,-0.24094112452666747,-0.24517605265367653,-0.49729319725453164,-0.10027585718597659,0.04334070116800663,0.034306043671604385,0.39650418656833003,-0.06120893612330321,-0.39347436839315103,-0.10855560322330682,-0.8569544965637585,-0.6753724239209178,0.26046838621087404,-1.2630362950689638,-0.4294231914833837,4.063099167413799,2.652886037126371,-2.605687776884771,-1.866915933010706,0.4229865444069247,-0.7699291269359773,-0.7530618223342904,0.20652814833091548,-0.400965695328939,-0.2747827946707094,0.23099628344543022,-0.13679588257585856,0.12961449097586075,0.5098848565941742,0.2740248339006343,0.5037667505527357,0.741865637465595,0.37776111414818103,0.042896335678422465,-0.18688422638112953,-0.4054278714133549,-0.48591826852363973,-0.4586233934124736,-0.4006294824870266,-0.4362036458233886,-0.41674296907706976,-0.4013755993612551,-0.5047873803868581,-0.2905964356544437,-0.22104003019557825,-0.5626237107752865,-0.26066709013139655,0.03242081621318378,-0.26226559288924955,0.15043653687795105,0.33640276017854764,-0.26297719787961993,-0.0978906212021995,-0.46776140029312013,-1.109950953896724,0.046462365023716375,-0.35753314132207376,-1.4882305368597115,2.194746505202869,4.413925911544892,-0.2503545662317275,-2.58723239865506,-0.09610764089298031,0.10309571618941407,-0.6784879901812745,0.23260465210786105,0.230744849864133,-0.0956396571710759,0.3950276632134217,0.5675560585223494,0.7123264382541566,0.5890489505294096,Normal
-7.105427357601002e-17,1.0,-3.8162532728732836,4.706394264753012,8.522647537626295,-0.27441686582512403,0.3039886398871628,-0.2306761476184423,0.2527701783381644,0.44150107454570664,-0.4587553338720851,-0.05828900615634454,-0.1318059543791181,-0.9993005854374841,0.06977347139310788,-0.06036740222846175,-1.4142314137601661,1.4159686753700487,3.65935222134247,-0.0267578697855751,-2.3274169775725553,-0.3635367541072202,0.038805175359693835,-0.744162834574302,-0.15430739270042723,0.0007739430160822131,-0.2921490607395417,0.01789979498373267,0.07369609463036135,0.007389538211928335,0.27414729033536817,0.3494325873158197,0.3389808445909885,0.5068155285045591,0.5321362603757691,0.24984521833007078,-0.0769540203312009,-0.18723610930186785,-0.2934215898564777,-0.41407519189512126,-0.2852554367601795,-0.2684968639862199,-0.37338288909976863,-0.24947900133015835,-0.32121664941374195,-0.37115764805038787,-0.08711598819482452,-0.2707579862917532,-0.41977115079834043,0.0272385263097179,-0.05376796944101345,-0.13514057784716882,0.3491374539414951,0.07559588909620496,-0.20125218475907686,-0.024453424949197198,-0.7007655018916797,-0.5560959849555982,0.25019505860341545,-0.918660337578015,-0.31561961521997844,3.217901223595709,2.3447142576502906,-1.660223259682989,-1.302756788225988,0.4221065080604919,-0.3341607153373717,-0.29018160898944717,0.4320651883907609,-0.021663719012029136,0.05945917472299552,0.5562702294475024,0.4176882877767322,0.577593511366161,0.8309631752991573,0.7558144110303082,0.9741382133058832,1.1355310334537059,0.9508052912002536,0.768192278805369,0.5119482929702643,0.340508573139982,0.3604707465564154,0.3391937949549503,0.3979015123712032,0.47395622801516046,0.4641325392841931,0.5366275655102705,0.566241729422166,0.6122929414197278,0.6965844839678645,0.5925621260951051,0.6921743883701185,0.9862037237950553,1.1017157730630103,1.2929910290424755,1.0532747815741037,0.49596625188600185,0.7672243900094154,0.6827216876371812,0.14251815538230905,0.9231072332115613,0.7324255344439965,-0.12775655467423336,2.8742700249433124,4.706394264753012,0.20855864667507604,-1.999422688500025,1.0150343477616228,1.3045962908305357,-0.0025402699952965005,1.049301733396821,1.0575773726819013,0.4190042302414199,1.2492408273680333,1.112987815209032,0.717302724679327,1.4594915226244354,1.2829475065440008,1.0204436923589997,1.5847108395983132,1.1553305639225366,0.639693019405505,0.7615859918044214,0.24711197124415987,0.10952167758240021,0.4756054718460976,0.11931366574891729,0.15266879113768564,0.45909183133807563,0.07292421531466245,0.20184409115497903,0.38781163743153396,-0.11888950453181496,0.13917901680859157,0.44783881815911003,0.044504575389143784,0.439851136623338,0.6925426121668519,0.012384663851930879,-0.0481128878593932,-0.26743555536323554,-0.7846983722216547,-0.15483563113690135,-0.4068518834963688,-1.3187573945113942,0.6084589252028582,2.289822548450842,0.13218111848900901,-1.556353117893343,-0.7472023905667108,-0.5900772013575565,-0.9417774731523005,-0.5629364783855757,-0.5233903503219555,-0.6907048003943334,-0.4718833177357624,-0.4218043601935307,-0.43339550950817896,-0.2528737978357824,-0.19301369341971802,-0.16337059967901427,-0.06711259038637368,-0.09992885554630486,-0.2874262690543843,-0.5922350559065032,-0.9138481724412686,-1.1161232246028612,-1.160151974434827,-1.103589370089943,-1.1339640917977567,-1.1655254356582048,-1.0353324963512172,-1.036610744353282,-1.1266262385291101,-1.049353291088546,-1.0814851326740846,-1.087595975619973,-0.8784974601585906,-0.8128034731869016,-0.6068182653585782,-0.4800060852184288,-1.0953675991840601,-1.2494543787099266,-0.9225941115288016,-1.543979672746893,-1.4790444551813127,-0.7552170108277647,-1.7672552086957836,-1.0137923653468865,2.3010342617197894,0.654657013596779,-3.8162532728732836,-2.5273970664505154,-0.03660287380786887,-1.4038561811809178,-1.4385859860307906,-0.28528111143385704,-1.1452456841994505,-1.0010292348810104,-0.18645075232673047,-0.887718724137591,-0.5965290979519688,0.03638144324779793,-0.6506219973695156,Normal
-3.907985046680551e-16,1.0,-3.7594728312093464,5.162328251748571,8.921801082957916,-0.9105115040246207,-0.9312110898563442,-0.9010308799523887,-0.7860391893077646,-0.6308557995245219,-0.539637841533978,-0.22554256555705648,-0.5691672247328691,-1.1822969899585525,-0.7869883635407277,-1.0127081772130273,-1.6202010985781472,-0.7056148257222318,-1.0173999808683418,-1.7947946122156258,1.3700533902663627,2.6305192208314816,-2.186622443579635,-3.7594728312093464,-0.456094898077888,-0.4197969794988831,-1.6292987429245993,-0.4118811209726588,-0.4731553214804255,-1.094587874692559,-0.20582780927362543,-0.31908950083488613,-0.6599020661360866,0.08616039247951116,-0.08964846827069615,-0.2952603512917071,0.3296212932363171,-0.01510037951073606,-0.5089927788512151,-0.4698411626856564,-0.9825557282215582,-1.0507523343730258,-0.6926646654929111,-1.0528056417604859,-0.9678769563679085,-0.5902960756042814,-0.9157969869892209,-0.8154487257667308,-0.5903400372845095,-0.9110303207280221,-0.6961453261788395,-0.44555468087905753,-0.45237475382764736,-0.036123566686156516,-0.4669905218258019,-1.207308257348492,-0.7091575909305898,-0.8423815972816386,-1.3942151948447956,-0.7117673542737932,-0.8865963706177994,-0.9285313294926419,1.3734212646207455,1.3681179889354558,-1.921372532039806,-2.4139401770901445,-0.5462176575885954,-0.4314721081058444,-0.768916688305538,-0.3729886222653696,-0.3285185182698338,-0.35331140030804775,-0.18535779590217466,-0.06536691005186547,0.05765504925914455,0.09667704680257236,0.28924566021980996,0.5111008221870211,0.38577057739634324,0.2685319970374461,-0.00046254465165236245,-0.42193618707391534,-0.322276476180289,-0.31503685034089257,-0.5421375344392279,-0.22470064122150865,-0.18579790406834093,-0.4098530780630315,-0.02453069624740446,-0.06888767918456977,-0.28817138102857637,0.23127845749589415,0.28299291500263113,0.32255350647252473,0.7150718428368728,-0.08048742006744541,-0.37263868891862884,0.3101426878535825,-0.5389344014064256,-0.49841194632077357,0.6957378921644103,-0.8587594228697709,-0.3253832239289742,4.140309381750919,2.740804693756911,-2.561997868389127,-1.5421331791435482,1.1070286474768916,-0.11452846959562425,-0.2587599899811695,0.7178195357470571,0.14114319284356108,0.22885996612678117,0.7279579420502793,0.4063929364183493,0.7172673788671325,1.060435813192028,0.7825929872042771,1.0271870603657949,1.1752611530323207,0.7216060671927645,0.47587606030586954,0.2933732549529446,0.0826497854927114,0.10191223794423296,0.133572587458548,0.16830485706470666,0.17507031761366218,0.18174864194618723,0.2707478361585541,0.1898488986794314,0.27185862495866603,0.5568934270564599,0.5505315298219492,0.7633291388689671,0.8152604354748357,0.19823500315773565,0.28399956201199755,0.27513102340576745,-0.49227820937470645,0.290017337646896,0.4173800396529418,-1.1787506310915574,1.6079118727490431,5.162328251748571,0.9601528022206964,-2.9209766553757164,0.05251927940067064,1.0922646089374306,-0.7033569328594479,0.34398645083937734,0.8386528231481795,-0.1127463110885809,0.6885193830791505,0.8456237652416001,0.22883965983767793,1.0264097284285965,1.0918564826645805,0.6633235696516543,1.3438008530610976,1.2021652606789228,0.6081114711893223,0.6849692810826165,0.12505105293828742,-0.12429765167995527,0.3844367973815087,0.04960892271052347,-0.05138018625569579,0.4093692150890794,0.08018602238831192,0.08743017439408074,0.46217635047050637,0.12587139037920655,0.26476098984796687,0.6367476768594513,0.5099979225922573,0.8809016269461545,0.7035674104984013,-0.21954456833542885,0.05028649903502141,0.1806174008027456,-0.39770562967697576,0.1419441984039129,0.13387954366407598,-0.25428871140600884,1.8011237658429498,2.6302280216865546,-0.308550151079156,-1.584096472675165,-0.009687716300256378,0.36625460320400705,-0.06881503352510064,0.21526653791343214,0.35379297085778777,0.3329959503657489,0.44709528924453135,0.5509603694447058,0.7113071566890693,0.7208015001931142,0.8113813452135883,1.0818117974405905,0.9865538173406085,0.8911744268594982,0.7685184558376632,-0.1275443648662798,Normal
4.440892098500626e-16,1.0,-3.4351080925582673,5.179726567464488,8.614834660022755,-0.18548810336413926,-0.2672543458200745,-0.05351897173875759,-0.1487881686515079,-0.17496224889824652,0.2098630707523267,0.23889004674990802,0.3652902405566395,0.6440277863138324,-0.007887105205541171,-0.1976473018681692,0.08803865057199188,-0.8274126275167747,-0.4523663018413769,0.40592575723230817,-1.491062865524213,0.01890604943944178,5.179726567464488,2.592700135956642,-3.4351080925582673,-1.4883771709906315,1.1530110306625116,-0.860542839707717,-0.5274703205952976,0.7316699195194821,-0.36882959296589735,0.0468430655938928,0.7429657541929934,-0.08062721168796766,0.4869493309230581,1.0100466180822927,0.37074726856763207,0.9241865500874447,1.1767152240175018,0.3931161111926376,0.38234445353702995,-0.018701631286262677,-0.6007792397897683,-0.06110470061428106,-0.16352760907695615,-0.5442196051570698,-0.0047238707044294954,-0.1540279172753947,-0.4036629360370931,0.09538047219811692,-0.12896972356756414,-0.22882493868071924,0.29690150120037734,0.20904684703578397,0.4692353917542848,0.6237606235341188,-0.44437889418326504,-0.5298230328030346,-0.0742103435076943,-0.7558945810719534,-0.47009404816800393,-0.05439641218016733,-0.7857080178554586,0.886441208300734,2.871172565401807,0.2523737266991844,-2.2929878544658204,-0.8947421323229545,0.13038467249852914,-0.41920405048607534,-0.2675779039452964,0.025023525759554317,-0.031846110608142235,0.08194385805199186,0.21258169185952852,0.3650291960389397,0.44523362637431846,0.4934381478252366,0.7539363781972763,0.8103612686554997,0.6737733473261698,0.4762400143122738,-0.11020308257873669,-0.4161883010082257,-0.2567669163303786,-0.4144514310508643,-0.39912687512423795,-0.18804376121992106,-0.39577239916007795,-0.24835412873556528,-0.05861191998859147,-0.4372307456745128,-0.17824919252543403,0.1984942698317308,-0.03301217220804801,0.3526001899910156,0.348501047326133,-0.4213912255062915,-0.11662598963668155,-0.3519932805307373,-1.17666038388071,-0.04409833579265743,-0.29340257997095714,-1.7081520273169606,1.8751539500402805,4.638345147974355,-0.15548796997505973,-3.091548494180924,-0.27719113888713265,0.12938180594014154,-1.078280085633385,-0.002997195059167255,0.10317770482083184,-0.5009342782668172,0.22017983625737927,0.18154571244597761,-0.1252465659744697,0.5168054138305549,0.5022118736830449,0.37169315865119973,0.8362437205682445,0.6150843896701965,0.19032397905289647,0.024074513720893115,-0.45987387105993854,-0.5459770369089525,-0.3250518438737832,-0.5120501687319868,-0.44830009058887915,-0.24701979942597233,-0.4026952912141248,-0.38645343362600487,-0.269232609439927,-0.23284873719581117,-0.08499621394396645,-0.004096299777803533,0.22510866401743373,0.3688304126352141,-0.14164040918761903,-0.5307757503423138,-0.5763864964381507,-0.6635970221167106,-0.46963929350815115,-0.74237941736911,-0.7369697581397305,1.4882168949028776,2.4381284595513546,-0.3659409058696415,-1.8468106692581847,-0.6584387199769984,-0.5131825067079815,-0.5847281112157711,-0.01804715952749279,-0.33416525930339386,-0.2771593655805158,0.23796368830455397,-0.10556627701205766,0.10256439565408323,0.5863758233200517,0.24280880578074018,0.5956604174602895,1.0005559223237366,0.39669359880958777,0.3440164435641853,0.20064054506241175,-0.5514610650523233,-0.31984598919773455,-0.22522157525061895,-0.6922830737694604,-0.21599520343486991,-0.17777488179965156,-0.6199869023606329,-0.05029079231851909,-0.14964761026251733,-0.5810437447014906,0.1607591394338925,0.19601419887787683,0.0871594877232885,0.6668000299501042,-0.28147639458118057,-0.7923692701621584,0.08713560226095816,-0.8900363416533702,-1.0047949920219457,0.44821378981685484,-1.2787882680619413,-0.8164644538336712,4.445037945423527,3.175704285950983,-3.07858609661955,-2.3534174957232383,0.734924780850644,-0.4508115075902899,-0.7579042277527859,0.2858948073343748,-0.29271079377757725,-0.25436137330477043,0.3667105190020289,0.0625178265415566,0.22062903670313525,0.6335652311755363,0.5102596782526503,0.6984410195016482,0.8689941895784978,0.38169982150316295,Normal
-1.7763568394002505e-17,0.9999999999999999,-4.405289052784276,5.9962344350078896,10.401523487792165,-0.13602811492950806,0.23609708538264007,0.38675528967802164,0.6331335020478779,0.30960784677340086,-0.6394546838000671,-0.2435903743789069,-0.303128209996948,-1.2367007406707056,-0.01351052185267868,-0.19714034744790213,-1.8613396915366276,2.54721401000078,5.9962344350078896,-0.5080079540853446,-4.405289052784276,-0.018360265362182784,0.7325032072914125,-1.3216515290222204,0.1731238340840838,0.3565762468499038,-0.7021207006234289,0.489880254379027,0.5105070820723837,-0.10979318500712455,0.9301525630775143,0.8534062792858393,0.5145014362873189,1.3727739643454886,0.8799061365389524,0.0783035572865141,0.2114139646460885,-0.41076598924848834,-0.554443901512185,-0.03800012429383036,-0.5551248771628583,-0.45322511166182333,0.1125240374528365,-0.46537419684159903,-0.32113100626179747,0.1727631615204161,-0.4001940424373502,-0.12012504861367454,0.4115060517093178,0.14709620565461753,0.6858086170219605,0.4445554297559674,-0.7660839633938548,-0.1747668287258783,-0.24610266255512547,-1.3906539743442583,-0.11640409737817133,-0.14364764261090399,-1.563149504862476,2.3512645454919183,5.0402374869575945,-0.6373464174672953,-3.78611130941787,-0.18393868945747302,0.5369844044714159,-1.0526559345536226,-0.028687961560023408,0.30665987806864803,-0.3415102384068417,0.34242494095906223,0.415920078661218,0.12870307436366743,0.8152245730659361,0.852662510289451,0.6987909902514214,1.1858803295416862,0.7824679766771152,0.06717242292976593,-0.01135000605985085,-0.38904689557068917,-0.5754108914716118,-0.31284341568183843,-0.5060529273720693,-0.47521043812246594,-0.18263452739355227,-0.4232914863536665,-0.3220505573157558,-0.04515077389072647,-0.41169694129846285,-0.347935358233545,-0.02001164262641428,-0.21940141114488543,0.1764926294558831,0.6990082608533548,0.13684689643792206,-0.3355107885625121,-0.48970715016499244,-0.8367447717342874,-0.524885500579737,-0.42478798180525607,-0.9992955198053544,0.25014756403862176,2.413385979573297,1.644964824035165,-0.9118800992659412,-1.685840088551358,-0.8902338562607304,-0.3440970224063325,-0.29371174103915654,-0.23222504853698347,-0.10148489425860288,-0.060248308157539204,0.056645868603568815,0.2514927221754741,0.3490678284816991,0.5176753718661666,0.6755742417395669,0.7297480142471037,0.9140604194813867,0.7812613944901801,0.1604914152701305,-0.19829592775923097,-0.38668105965548005,-0.6083472150716571,-0.47265860837927204,-0.45557266679821784,-0.6058949784294613,-0.3372372428023828,-0.3009127923094246,-0.4844636671894408,-0.21870556303155583,-0.32443213472841365,-0.6063760393628006,-0.2105322794237027,-0.151317523572993,-0.18725184310684734,0.4895828163756251,0.3686337704820883,-0.3652718163266215,-0.40369458797899205,-0.7132771478919081,-0.8322997580752405,-0.26063944325776073,-0.8776376733231775,-0.7815962707248838,2.0039588110781965,2.6577741950043245,-0.3397027221677711,-1.740065581553071,-0.8157453054800347,-0.4503564446055085,-0.38720671105700594,-0.16865198890915542,-0.20629799652518535,-0.02564224478334798,0.18857632466301455,0.12581967740826927,0.2766750608935371,0.5311674232467609,0.6259612048525668,0.8090204348661981,1.0297811972722728,0.9670073452145249,0.5088869241801729,-0.024995126662138063,-0.29789576403316576,-0.45712454084731985,-0.5176992615315821,-0.43735839963983186,-0.44442742277431113,-0.3481823074618062,-0.16182837749544635,-0.2350398875631541,-0.19258616044983537,-0.09857257162674624,-0.3534122140795286,-0.274799717558951,0.0324049208053741,-0.05113186515467419,0.25146081713579305,0.6570549253694006,0.18010479757935446,-0.2679033324077066,-0.4007711713967233,-0.6483612343045682,-0.3855070231139234,-0.3980575608032714,-0.9231196087295652,0.3881788649501389,2.5122127365178795,1.8433972834363217,-0.5570436005933045,-1.4421619714116163,-0.7417713178699066,-0.15851391020749586,-0.2708360958405318,-0.21407952505231828,0.10613329197071804,-0.01456294658746635,0.10704038645586621,0.5156343650014887,0.3365327598936592,0.5755221733828534,1.093360904209213,0.4033228345327821,Normal
-4.973799150320702e-16,1.0,-3.838882916717086,4.638082034930082,8.476964951647169,-0.1927269143844347,-0.07746499815550942,0.030934165036060206,-0.6859456529248996,-0.7966097548857659,-0.8172153566367163,-0.8032565175379137,-0.6431400141030393,-1.1045608424812112,-0.11630282139083811,2.1180519282846304,1.145728147045903,-1.5100776243984293,-1.463431598892505,-0.6126380180217252,-0.7370208234876398,-0.47520824219182684,-0.3331729215734667,-0.4917144701342357,-0.14079417594347626,-0.0671954759597416,-0.21340920070944616,0.12300068115019787,0.25943654633485846,0.24646752402419328,0.5643398118291051,0.6391339567515353,0.36065728992085055,0.010278643313229729,-0.4081241495392228,-0.6184535024614489,-0.6308232058233619,-0.681452922108383,-0.6565678965101973,-0.5704849590281839,-0.4920109729338875,-0.42635819535713254,-0.42438497380625845,-0.3873909221839105,-0.43243985238278493,-0.5481388239552388,-0.38598710758983157,-0.24630714546642077,-0.22525197363938437,0.12460128746570141,0.20183913754659427,-0.29826010170413575,-0.5681073922737818,-0.6848284435954227,-0.740125318094451,-0.5282971540847051,-0.8127280202303101,-0.7968917881922395,0.9249861382773533,2.0009211750412432,0.4073733802701359,-1.3327046089521786,-1.2455516244093074,-0.5953352396056388,-0.4429189158594499,-0.4590258729909465,-0.3223657634520412,-0.22777498059976875,-0.20849036852492087,-0.03520908173996579,0.0984949138932014,0.15209796827129132,0.3634182997288674,0.4504071366896473,0.4760874172311242,0.6144402829565582,0.2752260535629383,-0.25464518331917946,-0.3472494491971583,-0.5374199804730502,-0.721173656178559,-0.550028277214101,-0.5710138355738422,-0.5347809719856772,-0.348977866744918,-0.5274122598451458,-0.4384505236712011,-0.23910358439152452,-0.56297633649136,-0.4465207049012562,-0.2628980871068861,-0.6908850726391964,-0.4127696325630098,0.0058481786689714476,-0.16735510724246985,0.24991622789533868,0.02749544744629945,-0.8743405299485525,-0.3280068651644769,-0.4829861628322958,-1.3592899149630362,-0.09926576428683537,-0.42702397382866514,-1.7100698310272786,2.388044697729825,4.638082034930082,-1.2225172659952985,-3.838882916717086,-0.1780955162740768,0.1750785523980448,-1.2631414813527662,-0.16362689988499488,-0.05948445878731692,-0.6308599619630468,0.06762879651544071,0.0267351872624244,-0.18466819476559584,0.4029005536017752,0.38184646218281015,0.3645614057569605,0.7743390070708464,0.5084991462553119,0.07146690300250724,-0.16394827600415315,-0.5846625739998513,-0.7336229017287984,-0.6383127171761427,-0.6368781092291453,-0.5718762931772432,-0.5552923235128401,-0.5558185063348532,-0.4797192284979318,-0.4731247458236776,-0.4395383466833074,-0.4726803515654528,-0.5374033781673808,-0.4413947625355156,-0.5435459789371966,-0.5912805775532908,-0.26126586956145664,-0.08664139166223149,0.15358853356360033,0.16889711139071226,-0.5984525291369875,-0.6155156094445203,-0.31904822633743013,-1.1054725016950577,-0.6697373336995414,-0.026335709425022353,-1.3989416886834154,0.43288049895058406,4.233404194832525,1.0555580861263107,-3.7056241214085914,-1.453874708315227,0.7287274623491659,-0.8532775570327008,-0.5074820375652989,0.3794401150908752,-0.4229177623171002,-0.045485574530301096,0.47410999519029456,0.02514304062685338,0.5407027107632525,0.9308981329180054,0.5871655014299173,1.008545015474583,1.142971891405358,0.4981167667008679,0.3071541402345435,0.14235929562197394,-0.09775692774551524,0.10255639768990349,0.10230033956886321,0.02778162388359209,0.31119932599477546,0.3991942915494747,0.3965158850364907,0.573721043415485,0.582728624902427,0.5789252112365828,0.7001619247147518,0.6897263878872687,0.6844393911289414,0.8204262746313684,0.9714201306309893,1.2416749565392577,1.6685716556707693,1.701095516524558,1.1526782378885032,0.9229795630611913,1.0958723711859009,0.9152320567252178,0.9669920023562179,1.234136717570431,1.0987602981198419,2.3480918777869983,4.172095419840649,2.52510279396998,-0.21535047801737503,0.3959145988348328,1.6422004202731737,1.5435056340619353,1.762538727849479,1.1443093872009156,Normal
0.0,1.0,-3.1124682662095386,2.908595107853755,6.021063374063294,0.24021213419566098,0.3899185224252313,-0.6452895897438106,-0.15931553501077433,-0.030196420484880887,-0.9028722106002247,-0.056665291815060526,0.026521399411722105,-1.0452707205425822,1.1837587329483459,2.908595107853755,-0.3285457743464266,-2.2393891375724007,-0.25235423119415684,0.30496955450754587,-0.4796778176555953,-0.021251277684384617,0.17374402645064022,-0.11980669556579993,0.17618923833300393,0.28541096847507286,0.2170642018651836,0.5187404561963086,0.6146036234271158,0.5758595298795449,0.7756544190028684,0.7399823200645542,0.4239760679789811,0.23056377648734383,0.13733868484127967,0.09602657705369406,0.13063340720258798,0.14863171926769123,0.17993570484800472,0.2822068547719498,0.3671625962623132,0.39812478263990564,0.4429494540737059,0.4891048069289419,0.4992315075439695,0.5292836668049018,0.5580328122285435,0.5574126328849088,0.6341609289415963,0.7718180120824603,0.9640472809496231,1.2184433114632842,1.1450234533003407,0.7699158079514673,0.7229432932668649,0.7961616049039351,0.6696719553517414,0.7888049704288931,0.8573072499501697,0.8951854969735243,1.9774897016084272,2.759601003948982,1.285363912669386,-0.1577625903593573,0.540514543084286,1.3083426852235016,1.0561302544093674,1.0676722712692466,1.2838161703032673,1.239758837995256,1.3531735702916476,1.4872641486827987,1.4733847086397531,1.6066399205672095,1.7498351155578562,1.7737541846886995,1.8320508028967608,1.7960852442357556,1.551408621110847,1.2530082531468953,1.0490840785506619,0.9571581728396354,0.9067707921116285,0.9020817139579508,0.9071807762880038,0.8556867053489802,0.8882131350604272,0.9180718462190051,0.790727276637269,0.8056275301727063,0.8480985303976837,0.6445970787992795,0.6686124520704921,0.8253264783737272,0.708031686535773,0.8394045272010858,0.9976912724633258,0.6395071269672621,0.4393392041388425,0.2804465529087203,-0.025248365074237562,0.3383850900830595,0.256150307373818,-0.35731792297013937,1.1910854724926823,2.700658862015588,0.5397826653567305,-1.2772103228341094,-0.11765688919733716,0.16650458187190864,-0.48610592908991623,0.02933942809328757,0.0347541316729398,-0.3582959433047872,0.1178925997480906,0.07005408704440991,-0.20940168975546472,0.22645388761401983,0.1618778193602148,-0.002650126291472698,0.3943805050567358,0.22618695490493268,-0.07817334052093082,-0.10333115129548799,-0.6059236992096826,-0.7620913631278515,-0.5074454166051303,-0.8116530144210714,-0.8070675762676058,-0.5503981181421456,-0.842011596919873,-0.7181097855233806,-0.5259953665248392,-0.9147346989655478,-0.7193517377897801,-0.5873977841953697,-1.0688944265047338,-0.7401676964035852,-0.479936194026572,-0.8426856782191846,-0.43330957428098377,-0.46856254409042064,-1.1301997272459454,-0.7301269354171832,-0.9758958484909082,-1.6201497734600059,-0.6189859738330649,-0.9967465719714146,-1.9060743348999236,1.0829536105975006,2.3656245143181605,-1.748759721263651,-3.1124682662095386,-0.6246344651419727,-0.7149385483796324,-1.6060901539216266,-0.7783436786051081,-0.8463741324934742,-1.192084974169404,-0.6521147495547394,-0.7471097920890913,-0.871692922142506,-0.4182299584731323,-0.47993133331350074,-0.5466818468936703,-0.24360113736702138,-0.3634210726794278,-0.6522905457413897,-0.8465800843447592,-1.1201012482942516,-1.1854363951684972,-1.1473220128020656,-1.2029916161600673,-1.1536700145064755,-1.0872548278992833,-1.0716125561075596,-1.0566403320851665,-1.0768455386434923,-1.0590201520026865,-1.0988346172432097,-1.108518794184782,-0.9194129851271796,-0.8821558213765972,-0.8323354318789127,-0.6054466162327397,-0.8193247464812328,-1.0388435813901509,-0.990694710269078,-1.3690964301264492,-1.2043560495784422,-0.7936114434004343,-1.693651140598386,-0.8672061475921776,2.066878511134534,0.9608956687163189,-2.49257913508875,-1.78573305343864,-0.3182439479726975,-1.3449271919968158,-1.1518594099457093,-0.4187724003222941,-1.0451654709671812,-0.7868837560798757,-0.3941440568753284,-0.6463888131807114,Normal
-1.2079226507921704e-15,1.0,-3.237806309719977,3.987584242100345,7.225390551820322,-0.29918209936682566,-0.7725665736531543,0.3043700045842418,-0.49607315983186223,-1.0254918344324466,-0.191534858176236,-1.2540208596007514,-1.3760666355759903,0.04324988715099517,-1.5691631926830727,-1.2127856513600312,3.3573147284423532,2.105909664602269,-3.237806309719977,-2.454006303622464,0.09236969467716966,-1.0354118783248731,-1.276515104064479,-0.386248520845697,-0.8561876569643802,-0.8095064433059572,-0.3307922988757276,-0.5927758288720073,-0.42053323210929466,-0.05404081582711761,-0.18087076252116616,-0.0714934548109339,0.13144633657289898,-0.05833770905621855,-0.43140005655046865,-0.7809778852544219,-0.9493719209530266,-1.0275596260436124,-1.0620360096637518,-0.9766275009472861,-0.9936083395412642,-0.9432463055177164,-0.7947956224038495,-0.9332870480373722,-0.919215465608188,-0.7890226810478216,-1.0282522926080444,-0.8758186593102792,-0.5586896320167495,-0.7524627683478767,-0.4580854611516146,-0.23121835775935856,-0.8247158386939462,-0.7704955020471194,-0.8379378523996512,-1.474078446517019,-0.6973513461170951,-0.7516802936036778,-1.9698757183176967,0.7742841064694793,3.5213016311214567,-0.08578446503464472,-2.9597615163778483,-0.8419317510173838,-0.2957764684361073,-1.3628448023293402,-0.543078333635476,-0.3220923161944427,-0.8292888646383393,-0.2577549672523529,-0.18718549859802344,-0.4179554183406653,0.08796978971646364,0.11781846408900508,0.04180126030799982,0.47262292460142025,0.36040583772097046,-0.008751246808174887,-0.1422722305855954,-0.4641998551496625,-0.6015420320995405,-0.5002611374085131,-0.5694496650803418,-0.5324819015727138,-0.4206971204637151,-0.40863608264729,-0.3322338154515566,-0.3009099425692508,-0.30804926492729146,-0.29048424126103833,-0.29129033304491536,-0.14187609317444438,0.07753696227090863,0.31549765259845575,0.3578172020758671,-0.2111234312118718,-0.4164390394982356,-0.0820853224531453,-0.5581379139527204,-0.537858455958192,0.19280364455425933,-0.7213645219283217,-9.903507301381878e-05,3.6361321274945904,2.438934847523681,-2.3408757850865025,-1.5832420595917656,0.9516603416864683,-0.2839339701764659,-0.4282146107734557,0.750818429944666,0.004212779044962283,0.05901107093616753,0.8264806094876902,0.2325282456861818,0.43577998181882843,1.029180775045087,0.6032568307522996,0.9346821980593204,1.2020519435241832,0.4637546841690417,0.4439911780599102,0.3088103418661423,-0.2918289082668341,0.13100802761923802,0.18902200260505683,-0.26249160718526704,0.2939745814733571,0.330284221288578,-0.08773546678526986,0.4477779253949072,0.3206342156257728,-0.08282003977757103,0.5553640481165036,0.5185017099065865,0.3887690043875319,1.0221856830933747,0.46327264738496376,0.02180055563812357,0.5237479567003025,-0.2985004553332451,-0.3068054335195567,0.8480216571474999,-0.5285857601511061,-0.18177424681810908,3.987584242100345,3.1812223745169823,-1.6404594396090302,-1.2226721116972545,1.0295246334426806,-0.024604590193194865,-0.23618042023825445,0.7289101094915403,0.24103939797523696,0.220153838655264,0.7508826728732491,0.460602395433023,0.6567274273478232,1.0603017681433782,0.8110030141423306,1.0205047905785027,1.2887650915293893,0.8771854438860857,0.6290056276105831,0.4157045725300001,0.0512210033981357,0.11361340558459777,0.15790514887791293,0.05239930691730596,0.24061869182649362,0.27213380165756773,0.1851791912501264,0.3554135023028314,0.3194259266340632,0.20612901628929792,0.3876832667626597,0.4447243616025379,0.4849394652415967,0.8278384595427573,0.9451835320680309,0.530317541888596,0.08957286253418507,0.040397212560568156,0.051617030808241066,-0.058316907474036325,0.07445581627730068,0.04787994659536599,0.25696530098958187,2.040138713803283,2.7309151203583446,-0.06592132629676785,-1.5515479337188898,0.33972803783928485,0.6950646698527867,-0.26867572955548574,0.4565402791930885,0.6489885836259075,0.11282559299857592,0.7271349436036978,0.7807814464846762,0.44765985381548623,1.0411010810786692,1.0575116984004747,1.0317756984047202,1.1470383761191767,Normal
-1.7763568394002505e-17,1.0,-3.570162769102709,5.426490097393617,8.996652866496326,-0.3672374734224899,-0.9695769961781486,0.25201164587940894,-0.17672230128849492,-0.3126921292218732,0.6884306862459676,-0.31479992105472004,-0.675021644110754,0.07383423496851516,-1.1834833263705287,-0.9167258573507039,0.4106913274104968,-1.5189887358190646,-0.5415991899368476,4.1756100232771045,2.3312829548787195,-2.736504210416742,-1.6501755151228445,0.41216164801029653,-0.7845241914917754,-0.7564003289215316,0.07155991999266026,-0.39937790334955425,-0.3096480743587726,0.08937146067268738,-0.10206571566120551,0.15160328162656656,0.43727788020316505,0.30928910051975955,0.5272404647314651,0.6921657590016486,0.3619765576219362,0.013303513930019332,-0.29015218621024946,-0.5294404701406961,-0.5526540383373956,-0.5369176930697274,-0.5068079567372503,-0.4251821575555052,-0.3922275213764364,-0.3598718785569226,-0.31712031618321795,-0.32540528485138787,-0.3438903642299554,-0.2880760863001498,-0.1520675448384751,-0.02744826654278127,0.21006980379601262,0.41177440040647856,-0.0657032893356509,-0.6753088146410086,-0.5510038849950677,-0.5749318110801755,-0.8194851811349193,-0.48566695495883666,-0.606450058686355,-0.3614954201275335,1.9067877436120484,2.2419118962293356,-1.1263879186877814,-2.1934838516952295,-0.13869664777171722,-0.06398599944066238,-0.8433467697450062,-0.11413594778644752,-0.0539936538587949,-0.39641941474269776,0.13655897738940814,0.1294295910269955,-0.021008992469174734,0.47002927859152227,0.48854805327235407,0.5261999972864299,0.8459577032570185,0.32479540189846334,-0.19077144262611778,-0.20247542573902164,-0.5525970377553905,-0.5649469911335288,-0.2936653400195462,-0.5736142930982969,-0.5093538899200006,-0.24401494570243332,-0.514962105239513,-0.36046805852214725,-0.16669500156890407,-0.5908064252905147,-0.4025132609944088,-0.05349402104452429,-0.3047101943126986,0.04309040160204334,0.4118736539652696,-0.10530425993675979,-0.3589876371087947,-0.521434367298949,-0.8539118450589874,-0.47515132273784005,-0.5221817192064352,-1.039556044719113,0.2902625873265237,2.0132465214900455,1.0860896670217763,-0.9830143439928107,-1.4988264793160657,-0.7517347264550904,-0.2925748187419512,-0.4362614670944185,-0.3565446579718604,-0.11880514387515696,-0.21802930306460563,-0.09066845498978632,0.20546743216462446,0.19600832151036318,0.39771585936872583,0.5931212161228081,0.4696422435434915,0.6410907089007917,0.5531596873601421,-0.04314819061754201,-0.1576344203123946,-0.24515470282204171,-0.5229319194910026,-0.27812540435338823,-0.2776282072231795,-0.4279288580010632,0.011184680955453705,-0.06703503011840732,-0.3145970458788293,0.11695934547819026,-0.0553564235129932,-0.20040954009058196,0.465232865390339,0.4279069437441879,0.48048885474479347,0.8352321124277582,-0.14263426899073464,-0.3246248485022979,0.3694289513594796,-0.6630953195954646,-0.42038119246465583,0.7400805142074108,-1.0773011551171596,0.16513236660973976,5.22864038392043,3.0213902478455177,-2.8101031900900946,-1.3403066393855976,1.2980010503536838,-0.2218999345556062,-0.21473674916837412,0.7847900198172998,0.09112430884596354,0.32415094336647493,0.8477336473721307,0.3890180619282498,0.7495129027510493,1.1731989139551262,0.8999794636020723,1.173860853249573,1.280864587107916,0.7381758731647595,0.4562337673326046,0.22162191169845355,-0.008937133337472699,0.04928507777138235,0.014334381384298399,-0.018566658396467373,0.0770304997886281,0.10128158583934985,0.1159321056640183,0.07058158815616507,0.10073112829723956,0.16725152103323543,-0.00904110181144304,0.1158842518774952,0.4545789190301337,0.4440909871251682,0.5746043106024108,0.36336090017806894,-0.2517123516924743,0.0025632484883209316,-0.22078370621019253,-0.8530073154020543,0.24375062104799655,-0.1707693509183391,-1.4654161814793059,2.706991430360186,5.426490097393617,-0.5550521732283393,-3.570162769102709,0.3693511345643289,0.4893762496245573,-1.3320802729225028,0.25438353923665546,0.1935877480410446,-0.7596210811560684,0.4191798129692951,0.1488236798526748,-0.3415246552615457,0.5800627102412365,Normal
-4.263256414560601e-16,0.9999999999999999,-2.511566590568686,3.3435846237876765,5.855151214356363,0.9799898396984484,1.2810008114440186,1.2174405395773475,1.451059044337189,1.7662187460595673,1.615430459133907,1.435098628925599,1.3871043611255804,1.3190714314764485,1.5866585105649789,1.609526356432376,1.2591830581376897,2.130642923930251,3.3435846237876765,2.4956962341297944,1.0789418945273526,1.16248068256779,1.5639678531557597,1.5766107658675375,1.72032496632172,1.7261534865040533,1.6862431111335319,1.8331962475463501,1.7804882025303297,1.738292743674815,1.906988798705545,1.9029761710414062,1.8899721812517976,2.0325539320786707,2.0081787067548165,1.8269477557340674,1.5796262622539172,1.309583567992194,1.2375632160276124,1.2308033420917948,1.114131226868009,1.0761854764371679,1.0931451783183084,1.0546528257012209,1.036402738871433,1.0074889578406188,0.9585585014275506,0.9080141529551403,0.8238258038979842,0.8017890721091001,0.8142099698941091,0.8082125786252653,0.9239659993145142,0.9608637711816275,0.6906729672332609,0.4198791420354688,0.3088059826873546,0.2900354637687824,0.34328992337158687,0.20980066995801128,0.1544580227519978,0.8185680562551136,1.3518824828601501,0.5579366211317751,-0.548174627235268,-0.5009593431868191,0.07819336348221483,0.10492114023281975,-0.08898692363342413,0.016442755247413315,0.1292615550150036,0.08599053127004307,0.08854638563719286,0.10787314196359513,0.11850425467486571,0.18484242077310564,0.2313365106797506,0.28720130520721526,0.2789990241186537,0.02203012286119615,-0.23076432728133173,-0.33701874649899244,-0.48038721895741665,-0.5081416809896737,-0.4773609419471563,-0.6050149265056369,-0.5686034565075179,-0.4690377745727873,-0.6013076721344853,-0.5528289752676703,-0.4685389594292392,-0.6414288182200926,-0.5619668725702418,-0.47224563878918985,-0.591437866568077,-0.3409091312661404,-0.3486929723905509,-0.7782563108132926,-0.6117867106961072,-0.6947844505303088,-1.1449626732103422,-0.6141828732448958,-0.7148139980795497,-1.3800424407741652,0.47955714747407346,1.7424562634662264,-1.0226772275448113,-2.511566590568686,-0.7322403956337628,-0.4928915051413574,-1.2474929340400482,-0.5959351401823915,-0.5499996630008669,-0.9786514291222441,-0.5183986401668248,-0.5164616886621439,-0.7340573727896891,-0.3012443820382613,-0.3246314646985815,-0.4972158395406843,-0.1747227648130768,-0.26107013344017455,-0.5273917316547876,-0.5806856694682122,-0.90211009951463,-0.9940678632033935,-0.8220089401429391,-0.9931161118091866,-0.9497968184179273,-0.7497290316517397,-0.9405990175144077,-0.9158729669455943,-0.784442545674762,-0.9562267814385081,-0.8374672300268081,-0.7262197652419293,-0.8598009975734912,-0.5747304043447048,-0.5426118157319032,-0.9584855734464706,-0.8215903234882842,-0.9051550663159733,-1.2778255313016256,-0.7453650828359483,-0.8381406913873122,-1.5169230193050312,0.0928054283428883,1.501298490337771,-0.616785388876077,-2.2261639574754764,-1.0739276489245595,-0.6689129552870083,-1.1271468617904348,-0.6980963700031677,-0.6396631526619126,-0.9167983054434959,-0.5727772883478546,-0.5730142478553648,-0.7549140155649542,-0.42838898462368113,-0.40739153402005257,-0.5016909866298301,-0.24317132217044254,-0.34093938306605587,-0.5502607816105487,-0.5481839572987627,-0.8255259225215584,-0.9048773345575528,-0.6876891589445153,-0.8367893925924899,-0.837811795813427,-0.6134392449208423,-0.7659480048828596,-0.7553494954041349,-0.6027429260786524,-0.7836983886513105,-0.6853828273688324,-0.5262099918566495,-0.6821681185378441,-0.4281720248812656,-0.3191952527284866,-0.7426205526799208,-0.6628318092197205,-0.6890023083432013,-1.0586930543034256,-0.5905619522720535,-0.6236396804807921,-1.2875830482094126,0.11736020092655769,1.4731820396893627,-0.3278940523774506,-1.8024871582737032,-0.8849057331524889,-0.491593550745346,-0.820344380877211,-0.5183971097553656,-0.4537315352804783,-0.5947659715967732,-0.3372151948869659,-0.3026793413606643,-0.3760435207853157,-0.1420438964321983,-0.09028928068901301,-0.15402332879857716,0.2696529396122043,Normal
3.907985046680551e-16,1.0,-2.6411926031729878,4.095252828152438,6.736445431325425,-0.7662353323071293,-0.5614769872829126,-0.9264971731838788,-0.6439865497263584,-0.5128732923651305,-0.7762552611971687,-0.2816243940218599,-0.319964495697367,-0.9233892297938584,-0.6062132613278991,-0.8172257429056523,-1.299051767137447,-0.4642714944570996,-0.7882942024693331,-1.575591423939869,0.8405481487178801,2.2743791682384136,-0.7572075388645391,-2.4207619214206164,-0.8684754056293654,-0.5547437225371175,-1.018063403170332,-0.4759663449171246,-0.49384100079363963,-0.7389589225073195,-0.33781816853040114,-0.38930338331688347,-0.5266524399970639,-0.16009766829482774,-0.15360565009335211,-0.2001425897282801,0.06170704384247379,-0.06828029633658277,-0.29072345867685445,-0.3692865824325338,-0.6903469284536824,-0.7330348678424398,-0.5326209949160441,-0.6856859413776886,-0.649355787565776,-0.43708758265468656,-0.5838502588936547,-0.5546941472911712,-0.4302062724580689,-0.5940099826121469,-0.4660664591228004,-0.32974994029219973,-0.44287106999848497,-0.1301690478305283,-0.07961368193509244,-0.5453382237273218,-0.4605422019632565,-0.5638375073349617,-0.9220015477296216,-0.34079683697980684,-0.5116191911289446,-1.1999907574252469,0.7587907702421776,2.2686202905593897,-0.26436863903755675,-1.9844880767023068,-0.6132252176395295,-0.24068565659196042,-0.725714547081678,-0.20499741650513031,-0.18802786891225565,-0.4232069784413121,0.028992473385292827,0.0031903382842679755,-0.12768950890740466,0.277047030021343,0.26894952002832456,0.24224948607416508,0.5836842765705014,0.45778955067322374,0.24635768113098067,0.21866948219506513,-0.10556823469142464,-0.16595531921887977,0.0001467240698617339,-0.15514041104919482,-0.02578222955827107,0.19469076091404894,0.028902278846751072,0.21249054899900524,0.40379779921119907,0.15296132443249635,0.37302575585071135,0.650677014013221,0.5014110072925938,0.8059702273026619,0.9259828074456824,0.5162920767472107,0.687521458899568,0.5857800098650127,0.1861939592017862,0.91592393673875,0.7846246215095698,-0.07596281362827294,2.1434901088130043,4.095252828152438,1.3049621217344534,-0.7944622140175036,0.779178338682326,1.2535434627250654,0.6245254874575453,1.2668523318689155,1.3473340141641434,1.0034161207049126,1.5132215677345264,1.4895408089527393,1.3082982322321555,1.786997653986953,1.6935738815550434,1.5982751265999,2.065882912496281,1.858425248025341,1.5430415055272728,1.5845956206085576,1.1443656660618102,1.016937164868718,1.263446888017488,0.9540001409804412,1.0051891646014892,1.282821752898027,0.9335090018445786,1.0353621243452558,1.253449816386619,0.8218066988923486,0.9880680788424527,1.2436808103476473,0.9360691858131943,1.2480579120223165,1.1609549225796019,0.4143421030518671,0.7681099856908216,0.6924379617563793,-0.02493570279638283,0.7831253588042408,0.5754545607616908,-0.5084761918209194,2.0165698249712225,3.732002580243359,0.13236009219152375,-1.799976272292966,0.27965579717264766,0.5247225798650674,-0.4014794175105856,0.17549343102959294,0.2482101245482689,-0.09520909030657014,0.24654798476980197,0.1504220818701147,-0.022916937153466217,0.3040830814987286,0.26443873924512473,0.1593701455857234,0.3552894424825866,0.22822197848516554,-0.12992557527463033,-0.3871135549940188,-0.5658555897133233,-0.6331820256167776,-0.6764782684302323,-0.6871846021992293,-0.6799831247738087,-0.7499776857936168,-0.7368752313084727,-0.7330809006682345,-0.7858228090124595,-0.6799392208484689,-0.647651789584216,-0.5874536641543548,-0.4456226625694457,-0.8322848187392193,-1.060754108818061,-0.8183163569154484,-1.2911765214330906,-1.3252818452088222,-0.6209639377849276,-1.5600940454441894,-1.451268340093188,1.659084482065747,1.3131316665185353,-2.6411926031729878,-2.5513199283112837,-0.46649873090523775,-1.2770085273459124,-1.581168284298392,-0.707884677441255,-1.218265567927043,-1.2395459221346343,-0.6501319221654812,-1.0951495411848555,-0.9862653623536675,-0.5154821022645784,-0.9014493302148308,-0.7553058576246545,-0.49251752326479403,-0.9444586359904854,Normal
0.0,1.0,-3.86818060982474,4.722655295777917,8.590835905602658,-1.2645353714370207,-1.438265583192611,-1.049024517095289,-1.2285799136407953,-1.2121871887203908,-1.174520080127324,-1.1522643592562773,-0.9572455019347831,-0.8645094319503448,-0.6571444376836523,-0.9002499107312611,-1.3986645028119369,-1.096633483496796,-1.4274813577668521,-1.9036203938508274,-0.8876243157555168,-1.518243545308908,-2.1919543302704803,1.7720220107026032,3.0126995395979255,-2.4008183617735326,-3.86818060982474,-0.5948116783327971,-0.8611959673068189,-1.8323719604024435,-0.6154214223765269,-0.903717404783689,-1.3097199406567106,-0.4537987162389849,-0.6713041648437207,-0.784216522985509,-0.15965875194421356,-0.4018542409528597,-0.3957252646288261,0.059412938539015796,-0.31270498397501445,-0.6515833425861648,-0.7650032467232833,-1.1484816981357646,-1.1066231275994214,-0.9534346660699922,-1.1001071055043308,-0.9908666364600374,-0.9156482135460595,-1.000411373691693,-0.8159629893673862,-0.6750362554986953,-0.6709864076944664,-0.44561482012037956,-0.12780611715738138,-0.23615769487079374,-0.8045969191839709,-0.9413666911000351,-0.7568478471484377,-1.0480330664711448,-0.872287820280526,-0.561823681744379,-1.1120300075900853,0.23502752777812466,2.6024868081360175,0.514298364499764,-2.759937174385158,-1.3947580775721982,0.24758476974257823,-0.7377062814063479,-0.6051600512771373,0.11089457351180888,-0.32225368556806366,-0.11970759219239367,0.3025165622229448,0.06803340074208658,0.3326283493162235,0.6382049866858004,0.5405857736474715,0.7497663768016708,0.6882490275858296,0.21031665408508535,0.022593953199052327,-0.13089343596205483,-0.24570187764058088,-0.10649852463418519,-0.103083903810258,-0.11771408109681114,0.006964478615258799,-0.0008035280383695838,0.014293419080807612,0.20592904578490212,0.374869165982508,0.43215670891160357,0.5577435222428921,0.7628076754637801,0.4936036084409948,-0.0031714546192681907,0.1063767956903479,0.12428897451597323,-0.10049587319612321,0.27922930125634154,0.17385682681126857,0.2006949535384922,2.3278922825950166,2.8180521769836506,-0.43400309971661294,-1.5542331786192283,0.4945541569514028,0.7070823705414688,-0.008399747627643853,0.6082939145598272,0.6673623418166912,0.37783994590700126,0.8325023600369186,0.9019986524048372,0.8320726886445499,1.190546836665235,1.2434961978125438,1.2629539516406252,1.3756952233498745,0.9881529547506458,0.5741498483526278,0.45007991955692445,0.28860673563460454,0.24663877684656382,0.2981782839883972,0.23917471241264582,0.2391712301215456,0.3384852673899424,0.4030967963888791,0.34052335167671927,0.30188995259021756,0.4569849322787664,0.4851974509354216,0.4932579951220498,0.8532743241733585,0.9182687299065181,0.4961972421318446,0.2582977805414595,0.07766462068301491,0.010631406840250159,0.22420593900278704,0.0036422512408820556,0.10201030506574842,1.5758398389285229,2.335879884668722,0.8263585084615374,-0.7849289464663696,-0.6680113222437345,0.1614404833771835,0.29876457232343134,0.07388183962543682,0.2870926040183086,0.42842917984096973,0.2584508156841253,0.4959262894592813,0.8112336087992539,0.7173123972009539,0.6565984372622466,0.6765893660079776,0.8507412521438266,1.1051677324969706,0.7304394645055359,0.2606615839306129,0.26569372671440256,0.01577099781677202,-0.11456199746695753,0.15044063036532945,-0.011257013547271382,-0.012173107422607764,0.27567528034650557,0.04674700956139044,0.14374879323922846,0.39705188421748167,0.014783874246667347,0.22785567731612252,0.6355852345215478,0.43387299562656145,0.7861355321774703,0.5740209199383117,-0.34633089039270665,0.22617754104652232,0.20926856455862458,-0.7435269213605631,0.39307639691915847,0.284782024300944,-1.0854128812169483,2.3690205415030228,4.722655295777917,-0.19291396622274945,-2.750114900208045,0.21103701073078987,0.6418163497689106,-0.5113807867202594,0.28942445069033645,0.4268738962519195,0.04457147526077225,0.4504332834300252,0.5248181720925335,0.5531449554875306,0.7115938802296231,0.8371363999642296,1.1984866245289951,0.37332496719735464,Normal
2.328137682638953e-15,1.0,-3.9941766464828583,5.820413747730089,9.814590394212948,0.5672975899040209,0.6709130978567756,-0.991651754411101,-0.15722510196967815,0.10500931927020236,-1.455907953310019,0.0010019491684405881,0.21854120462962603,-1.8921069851910886,2.1261843912380742,5.820413747730089,-0.0064823982130574,-3.9941766464828583,-0.4302480718536838,0.5915714271109669,-1.0368937584540985,-0.1192841171585429,0.2632801631650413,-0.40953348389513655,0.1807627970947912,0.37728209668916746,0.13092711955238306,0.6392221245613542,0.7747157515275248,0.6648177996445027,0.9625012211595421,0.8194554255342017,0.2735199621031473,-0.09373956730444923,-0.31453377915719793,-0.37573662839336774,-0.39434044074086994,-0.39370019882351937,-0.29542265673960344,-0.26247314324844717,-0.22051526864880622,-0.19918017831001736,-0.24505609762304692,-0.14180486215529226,-0.22417957813994666,-0.3736923140405396,-0.03436004885189572,0.07795573294671249,-0.046628361253029736,0.35524143084029347,0.32434036220794527,-0.20367528910743982,-0.2623084063844964,-0.5724362296739456,-0.6545443540556762,-0.07787130916130178,-0.7313042356151416,-0.6584525486897288,2.2378239558323054,2.7617017817180165,-0.5167757392692617,-1.5991799340595474,-0.3738858933403722,-0.4145820708535805,-0.48124821997289824,-0.0066540443483791515,-0.22675925469219008,-0.19441004995393277,0.1937161956213206,0.11158451912230577,0.20319039575308556,0.4996642643439228,0.600170513553669,0.8607024191781434,1.0260373525846989,0.8022950119082745,0.46283057597954574,0.02368678994911246,-0.35375480024734823,-0.482503043275392,-0.5146596174302255,-0.4828402035088445,-0.4692318620077508,-0.44471934116447304,-0.2913573804995225,-0.2543511514541268,-0.23849442167769463,-0.12268540224165603,-0.2472335098228546,-0.3387637956454182,-0.23575624872015397,-0.29814656695984226,-0.20238987863435637,0.049300698001464374,0.22589233832337538,0.5213554049629013,0.1049132675497336,-0.6509358956992153,-0.24869483673078996,-0.29789818451760813,-0.9952519877715049,-0.16887461192865258,-0.2653747688274944,-0.9611248344601191,2.417676098394182,4.058574210684135,-1.2251536160940122,-3.5462009427562973,-0.0611945094194593,0.27043938815135105,-1.1099879834674837,0.15063554160254167,0.20265286881207187,-0.5320738012900484,0.35298481393968417,0.3064034575490221,-0.013234369724885668,0.7966262049108999,0.6901588116697925,0.5882130336204344,1.192652107352331,0.6080623476181722,0.04643443907577765,0.12743875225220339,-0.5476184530633458,-0.6534411674512115,-0.17983198712365916,-0.5629383483846291,-0.42467812493907536,-0.02278120790603665,-0.5291448333163445,-0.3396342309849647,0.05129813407253923,-0.4630687760788703,-0.24817823498361255,0.02136094464541805,-0.5228294485644382,-0.1579969295503464,0.16983481965336206,-0.2564418490325953,0.33979281096052166,0.6095343889638364,-0.16785628973910302,-0.075914201706194,-0.35670274206815056,-0.9410445311576151,0.014510532432676915,-0.36492836932190925,-1.2405845366317834,1.9847462702060843,3.9165444129913385,0.00021736140284229054,-2.1766493886458105,-0.28732748603064384,-0.1271574758438391,-0.7928908798302017,0.04321930383812708,0.05176632808353783,-0.31129864152063796,0.2483277416719519,0.26444189999004153,0.09468662042899403,0.5306936060355862,0.5902314071978745,0.6190020038342017,1.0272380215496921,0.9238497519021521,0.4939403347828768,0.18373897344000434,-0.20154303989838826,-0.3763881156487244,-0.35525607034465345,-0.3991352124795834,-0.2968157858526536,-0.23805554768909726,-0.3107522514661179,-0.1829537684862744,-0.12903168442356328,-0.2166008954920598,-0.11425097462452226,-0.13896600578170887,-0.31559145812401135,-0.22243986768204832,-0.09379081010575546,-0.041338028980919816,0.27420028460157037,0.5781935061689665,0.29097026334202375,-0.24652041925655807,-0.25787200752098505,-0.2390460899695238,-0.6322896864974656,-0.3741040063863535,-0.11702620949072781,-0.550764458870507,1.312278524288671,3.785381299530019,0.8610618932869845,-2.895280550084265,-0.88849726800607,0.8020690296018682,-0.8109904339861213,-0.30047906781187744,0.5810619345151938,-0.27039828900779883,Normal
-7.105427357601002e-17,1.0,-3.6490315049236766,5.511265721623798,9.160297226547474,-0.13287884853628787,-0.30706963975587204,0.5716098116429746,0.4345800173277772,-0.2547793613515295,-0.23851185599384261,-0.6561903382018002,-0.8356393677121524,-0.16370820924829596,-0.7880865701355654,-0.8205886446663943,2.161810533848961,2.943771426348287,-0.4467126475485736,-1.8004057855552045,-0.5213785599651968,-0.5631904033347382,-0.6598003260660502,-0.020195540002698194,-0.3018877908951894,-0.294977363171762,0.2623944553535407,0.06279185857791157,0.21969628080231945,0.6885315827240273,0.41950187762561186,0.6488021449748396,1.1718544057136988,0.8432108141951912,0.5581705321057767,0.16935372324065195,-0.5707506835925277,-0.5428583966549058,-0.5034863031938064,-0.8134379604348125,-0.4222266015806796,-0.3257240449915778,-0.6054200488913348,-0.20570356520661343,-0.351437875318596,-0.673800603669227,-0.08973335934122534,-0.3384473258414437,-0.7862632621871762,-0.09324704145066703,-0.1590025886898718,-0.2269127877994943,0.6308015344119655,0.05937991892373673,-0.5473950057004178,-0.0876488845358484,-0.9831259840708975,-0.9467140137716881,0.2513514172918527,-1.3514975168402559,-0.6058135141466476,4.479794886540163,3.400746530582908,-2.5254786099683764,-2.4446385168580327,0.05195997976256563,-0.7692373237783855,-0.8028856419415814,0.18029828564778588,-0.277274227099037,-0.23754402247430004,0.20842698866670778,-0.14398404502356213,0.0742491946985961,0.5873354172617654,0.39972297050445077,0.4494932317127775,0.8515385922342361,0.684929415113147,0.06219392375586867,-0.33003582963539685,-0.42782847157193493,-0.5003937916069354,-0.43843783671172,-0.4964275351118755,-0.8053242180204003,-0.5334530508016551,-0.19763395086605043,-0.6294925111237503,-0.5368671094451217,-0.15313454690815867,-0.6410304824893174,-0.577526887803043,-0.07671724291522782,-0.27776438988110014,0.10560493374874354,0.3279363723289072,-0.451618271459438,-0.3127880349656409,-0.5451628072532508,-1.377456041444448,-0.11145812035656032,-0.30192365878183486,-1.9116136997719673,2.14373078336925,5.511265721623798,0.039263941471131006,-3.6490315049236766,-0.5328430964036408,0.10494965768337414,-1.2162058843034471,-0.1298123973443651,-0.06382238854694411,-0.5625075693924805,0.3044847115777252,0.10189012716565742,-0.15446547009027856,0.658793308178103,0.4386544097810938,0.35673660959816395,1.1897204535356645,0.9298785048649152,0.3282557363160948,0.15723430901239957,-0.41384730482468524,-0.5249954878967812,-0.23602850917835033,-0.449385095112891,-0.31571952693009137,-0.01002217467740942,-0.23899914309823028,-0.22775115502954005,-0.06416039663074756,-0.13154836574962792,-0.0005334620961143979,-0.032132758894395486,-0.1562470050020183,0.35697246787415843,0.7861814898725381,0.39609909801145415,-0.1294001097556624,-0.2603857481711696,-0.24391680287486212,-0.2049370324458006,-0.053580104092526996,-0.20854655132550304,-0.0949800236814565,1.979123555993347,3.5527270411632905,0.7549633814371371,-2.3475057922153546,-1.0301284600100988,0.5575938706231881,-0.20367093974151,-0.08506704814427449,0.5701347928492476,0.16098425289066332,0.3184528222079764,0.8359304692039204,0.6597241512907932,0.7846051052567147,1.0870675167098136,1.0511285815239149,1.2553247600810176,1.2654725572996204,0.6812159409168388,0.1664532912687746,-0.019977498035990065,0.028039629963653664,-0.07150636632842676,-0.4560379940431494,-0.35910697150725196,0.024601511564681093,-0.09178249053867266,-0.1856043518924599,-0.0016781928632432167,0.08872531026967066,0.2135953354711227,0.2388773781483639,0.3257956391494654,0.7336801828242067,0.5208498203161332,-0.2571150829039704,-0.4753422048397534,-0.46547888521432196,-0.49210551766889904,-0.47498615207747685,-0.7493651095552394,0.22375597135886033,2.5591438630289756,2.264676014367463,-0.7954830558141855,-1.987158722424888,-0.9609446213472557,-0.4288459421376383,-0.4390640152715781,-0.346957468031196,-0.24667608078235878,-0.09092885624253977,-0.05592161351097704,0.014678285799168207,0.2252568625031887,0.25704262223430324,0.5006353074082587,0.6298137850073207,Normal
-1.0658141036401502e-16,0.9999999999999998,-3.144596874551497,3.830524728762978,6.975121603314475,-0.4133353444450209,-0.3093067673652726,-0.46773006321365473,-0.21244400508800224,-0.04373052315572308,-0.29655590605710697,0.015343443492877903,0.32279756797485315,-0.1313200682789268,-0.4824857267023898,-0.6364142172127741,-0.8001466347400932,-0.5923537373432705,-0.6876716739744264,-0.9848781064710386,0.13995440376969154,1.7235761939975571,1.082117631000765,-1.0473550985256046,-1.8090598791705206,-1.0196897943737002,-0.539439050960125,-0.7034514481602979,-0.615321695413943,-0.3990459773521146,-0.4498968303143972,-0.3841070311930998,-0.20844946111209828,-0.21582728644653335,-0.12104236057234373,0.11693256733277309,0.22960712063176106,0.25512813106402227,0.041089094574782596,-0.4659906755582012,-0.7404939720673019,-0.6590718764280687,-0.6400215310476475,-0.7667676947537881,-0.8906342329323402,-0.9454613434431716,-0.8655375111040575,-0.7062738544194433,-0.6578792017422671,-0.7444221623450847,-0.7641541859777466,-0.6751036892356884,-0.5536091025807125,-0.28210623393717843,-0.0956591994753051,-0.41689268354389813,-0.8531572148449483,-1.0487676690000143,-1.1683355393823533,-1.0087422121007206,-0.9767541835776195,-1.3394105023874372,-0.3692272865545273,1.5318885340123785,0.9520631623880114,-1.3147589243791875,-1.702230551028953,-0.9891699099875575,-0.9247108151244446,-0.779131828338695,-0.6781410683755852,-0.8749306518974849,-0.6455978998040649,-0.45234563022092883,-0.5202469594867566,-0.2588209262135293,-0.15952088696147687,-0.2832966230157367,-0.07098971197397487,0.011665945201241767,-0.15650526954539795,-0.3907132504087196,-0.9182921368873346,-1.1332583801097762,-0.9302338015942011,-1.0477694966419002,-1.0405276422798437,-0.8497453738830923,-1.0069188141945804,-0.8886400078794863,-0.7620088957826765,-1.0766532408641871,-0.7887204625577535,-0.4631075734575647,-0.747861188136889,-0.37582521839026045,-0.18374888422120889,-0.84838118985659,-0.7933526464517425,-0.9938551603868349,-1.5210108275404388,-0.5156046350960622,-0.8369030017179118,-2.0347954038247127,1.3169824897606581,3.830524728762978,-0.562387193865385,-3.144596874551497,-0.40621076944818596,-0.0905736881723503,-1.2802221235322095,-0.13725765423204486,-0.00421905274072843,-0.5809281410695937,0.32103391026040295,0.3247853261433379,-0.18339227391026486,0.4316197807510811,0.5765349257824037,0.5852070276097605,1.1017858584459308,0.8426679916260086,0.6231031214454535,0.7428215980014391,0.13891207648197298,0.06878680819748403,0.5543941535663292,0.23838367407565053,0.26541920498842864,0.6400079987099805,0.4059208720818637,0.7492370611566788,1.0398035360730706,0.4172522501246488,0.9189732006183866,1.707179854959075,0.8059912881174445,0.5003400235662843,1.4336748007001443,1.4438618430680221,1.0369023307162357,0.9251154020787461,0.7576304263444222,1.0719162572984218,1.0495823212835476,0.5988242336022033,2.0081087683880936,3.80314690943714,2.6443367462887255,0.5113351898398927,0.29238013666785106,0.9285475161887528,1.1924436985426625,1.215386971933698,1.1119700501421173,1.1625018258075417,1.3738816669519682,1.4556796937246756,1.514970414494836,1.5976393473697055,1.625918410409966,1.7317252121733844,1.8869215641833297,1.8673452492308749,1.5900630669454203,1.248654944800522,0.9884629552176146,0.6627875342770567,0.4579728018626513,0.6168456158399361,0.6713888899139178,0.5361920927472825,0.6241151103102983,0.6244412495300313,0.4254182155174198,0.43376974195509876,0.45952907887604416,0.41142891783126595,0.45334432276412456,0.5008196384461623,0.7697832646011213,0.8327276367623341,0.12384942163059871,-0.22187981904639667,-0.06051786884229173,-0.46986352744179916,-0.4510421176800164,-0.126627913982961,-0.6879103450613464,0.46307039520961885,2.8509490422276644,0.996789928476189,-2.5757586863240034,-1.6759060052385208,0.12031363914375265,-0.8239254667463125,-1.0071071786040848,-0.23882866666481437,-0.6530968137758826,-0.6643848306291988,-0.20724028046440152,-0.522457565523216,-0.4125927224818202,-0.007619414938365502,-0.31389271893334303,Normal
3.1974423109204507e-16,0.9999999999999999,-3.0634933850296093,3.3199910645358104,6.38348444956542,0.9183642387953934,1.1523260411181022,1.112110687777623,1.4528101631234358,0.9250828006214654,0.8349386816916857,1.6577027175788064,1.3799552119064198,0.8696853218766342,1.1314974859553681,1.1001418873125115,1.062763892903138,1.0712468342046457,1.193820881095228,2.5182138210959684,3.0680545394915324,1.347717453554753,0.414113097514862,1.0300355858462091,1.1558186298251927,1.1982906765283843,1.377267425903382,1.1247958801937377,1.2688943641934327,1.553648923550677,1.3728642604223062,1.4988169382143357,1.6608013789996519,1.4963280069640454,1.704631109531029,1.8487558979781171,1.5474810718617895,1.4282591227368986,1.2650214880050537,0.9051938729320568,0.8224497437233155,0.8304008013634715,0.8172478042802966,0.8920852138941879,0.8392942640706003,0.8096904431904832,0.847499471420615,0.7103224432848182,0.6824305356380757,0.7925519482954775,0.712900973055642,0.6974566268104413,0.9259804504454541,1.0264684415600738,0.7370482802053482,0.36526595471454565,0.3129939486876892,0.2379477450750708,0.07404226316236076,0.25130349758426873,0.12490877608723856,0.1592818830113395,1.750468445704676,2.1867564022581636,-0.406021375258473,-1.4871715585210645,0.17369212449985696,0.31404693447380544,-0.4735340977935935,0.10029671402687176,0.19484724388290017,-0.20007782900673265,0.21551872731478225,0.20768825136411292,-0.027743066303528387,0.36662719194266313,0.3411355285479334,0.19340460022682532,0.4219167159900042,0.07984315092375424,-0.2946399591459651,-0.24534025826345582,-0.5311653868827679,-0.6031053101955368,-0.39472380730193607,-0.6101417174608514,-0.5098747012539284,-0.277114538747284,-0.6115152331142225,-0.5504493394143906,-0.3753383241376689,-0.7430116965429127,-0.5564774378465565,-0.25876272305264825,-0.5063917705159042,-0.2637341956438823,-0.2980341295048374,-0.8990235713024114,-0.6146828523918189,-0.7096557646640406,-1.3006551734237624,-0.5010988720127173,-0.76238505274557,-1.8177903990178523,0.9081564274649343,2.859775250311155,-0.9510699404249887,-3.0634933850296093,-0.6167954866627754,-0.322043946537582,-1.501200572054934,-0.7381519702117736,-0.6331460525048254,-1.1063046593133243,-0.5191029052758731,-0.6267386967809065,-0.8846805221416432,-0.27798535148359826,-0.4276298385485684,-0.6208977232791909,-0.09932762661434802,-0.3849807500479664,-0.7938232746837467,-0.6780603346653039,-1.083399551020069,-1.2183629057311538,-0.9250381467182527,-1.1941252060590832,-1.1010439185836272,-0.773570032094313,-1.0840768431649264,-0.9517147873728913,-0.7314297478316705,-1.1366435866367977,-0.9104031137322497,-0.6510574362120047,-1.0479021301439242,-0.8395284106289983,-0.7022419454985221,-0.8675701073960892,-0.25906272337464986,-0.48672658575932015,-1.3330905553469359,-0.753524258841667,-0.7621888236353661,-1.4137387635461711,-0.5514499408038624,-0.8825666594406458,-1.6523321470454708,1.204224246167561,2.4741123233693316,-1.2351202419524079,-2.5373826209717083,-0.3650104661154988,-0.40640058121972283,-1.2282668987791523,-0.5782682554100604,-0.5502726389435916,-0.7306824516298758,-0.21272571919216177,-0.29720226967175933,-0.5966557328042532,-0.28365693825499094,-0.033388677484090905,0.02683683863026599,0.08957208662930505,-0.07754690650649687,-0.3456021636506828,-0.4887683299611409,-0.5871066220777442,-0.6712446878183027,-0.5765311368746909,-0.4478218871592604,-0.6285647996464401,-0.7055550270234423,-0.4393961791413661,-0.44539193738850963,-0.5041470603842709,-0.30126849083565854,-0.42504163841733184,-0.5042821504309789,-0.22991333920293539,-0.3046239210218638,-0.3470671519356382,-0.1893862353612813,-0.31582288591239754,-0.059888394105977155,0.04688758642705499,-0.5797759515958412,-0.31050890479952975,-0.05796729694237916,-0.9076225614631153,-0.3359736547264813,0.15328539661447885,-1.237033136599378,0.3935315177850874,3.3199910645358104,0.6037306733757556,-2.642135698678722,-0.8095233386706105,0.4994509594540409,-0.4033271193130196,-0.16644138190638846,0.02904293860210715,0.016333744939224355,Normal
-1.0946799022804043e-15,1.0,-3.1912861846910197,4.58514663300513,7.77643281769615,-0.7807729008740548,-1.4279018218421748,0.0785449563784869,-1.2167923919867965,-1.6043202879679601,0.3203524608027308,-1.4281828504607637,-1.5330300377859638,3.7413350081515717,3.1288379396396815,-3.1912861846910197,-3.079501077054958,0.3666197334380708,-0.3528468028482147,-0.9807912872596374,0.045711254896918255,-0.4532488838622392,-0.5808989199820793,0.27410670452740793,-0.008518055062674085,-0.06656300715808144,0.510280188587083,0.2951360219702344,0.42923747745730684,0.8982700650605061,0.3382455082208447,-0.1283578379527972,-0.16764581525418817,-0.5360662050451126,-0.4487112160882329,-0.2602935423542331,-0.5656397774807822,-0.3390371741093,-0.0743826900291754,-0.2663592110898366,0.014249029739375203,-0.01625552523684829,-0.47098983343523065,-0.11203023747718126,-0.012047947048142318,-0.2981751620499212,0.20803614662028896,0.17159881013362918,-0.13435911058889247,0.6620205134090861,0.5917556134746087,-0.21769020258927876,-0.0004161398790504531,-0.33425257699568556,-0.6615462931330967,0.10060365431022328,-0.565492321592992,-0.42834333542442804,2.8328572397881406,2.8729625222444897,-1.0225063842439666,-1.5490909387801182,0.1465854174633094,-0.2460486644546982,-0.4398314903195243,0.2417126324185135,0.13971783211681837,0.21667290575561154,0.42566142807863455,0.11037603707918768,0.28438935414873956,0.7080104373988229,0.670503309979581,0.7750109988656276,1.0205782355779538,0.8873392816713592,0.4689333547155726,0.10911823125288202,-0.03252345821564154,-0.16046844156557058,-0.23758725144819845,-0.1226174617137923,-0.14040879801512338,-0.1559308026218997,0.002743736269740744,0.0011603537513972066,0.09064157229571232,0.15302839443979635,-0.13944889186038922,0.004508914228398294,0.20984068705661785,-0.2213480107562415,-0.09509157328866344,0.26134839187823383,0.04361571857669485,0.49930076310330745,0.7646613916615426,-0.00665291946970419,0.03487155894814425,-0.043536164779251534,-0.7009170418397074,0.1527364942725422,-0.06089998175726341,-1.212315054841034,2.036010299754077,4.519042464912406,0.1478785878304889,-2.5744938189218054,-0.04702411323694243,0.337493486324531,-0.7970911357561675,0.07747564937966135,0.195366598127665,-0.2705593811349225,0.2969304734921633,0.22819027728591512,0.07962662017115532,0.6536136857424987,0.5844970959984351,0.5645967130378726,1.1035954724205583,0.9662828477666785,0.5381999823479308,0.3093007583493064,-0.11357011035494828,-0.31067539479476564,-0.2736185022566416,-0.33187690616541443,-0.20803490510203765,-0.10388703726412207,-0.20529243556533142,-0.1774176245561674,-0.0419211333894828,0.009834037629112474,-0.1155215937743772,-0.22744679420285258,-0.11266173341789087,-0.16169153145177212,-0.22433922605432458,0.06487820828881469,0.04513322393409654,-0.057248034932050884,0.31022414518079733,0.24152800104665023,-0.11626927165772286,-0.1735216647182634,-0.49309998499669716,-0.34914299627538764,-0.006020625484854377,-0.8311014341328441,-0.08022144754966655,2.692179524681489,2.04132103513808,-1.1167072760492565,-1.2492158636035542,-0.1466470736593097,-0.5094528240642789,-0.41232272797472974,-0.00521932589310648,-0.24379556708011987,-0.06916126575569836,0.13604848397858715,-0.03520376827528651,0.2567068283972042,0.5298317410595214,0.42395230259558314,0.6006895646222685,0.8043120837292007,0.632436277702867,0.3175780058613826,-0.042664742283666346,-0.37344260020678116,-0.5394332633248852,-0.4892286628995411,-0.3769817828972471,-0.38924392840817273,-0.3243380607220465,-0.2673701053727689,-0.38616619009289765,-0.2629435529165199,-0.19065602929154762,-0.4679218617281692,-0.37408558369783185,-0.29171894893721184,-0.5858677771399589,-0.30675831201619397,0.021120680634311946,-0.053013037152254326,0.2554977884471595,0.045095795062992015,-0.5022585278981219,-0.19278929361620376,-0.6213660774455392,-0.9381501583817503,0.25461534635750954,-0.6822108567684542,-1.1295377151063455,3.708831944276636,4.58514663300513,-1.9894370249574582,-3.1427933213208297,0.7747049493973063,-0.20931279609454395,-1.3603693952273397,0.31790823324519657,Normal
-1.2390088954816747e-15,0.9999999999999998,-3.6648898055684405,5.7268754558272414,9.391765261395681,-0.3366226300956298,-0.6323008749810017,-0.06508502766800715,0.07536962573464087,0.03674542169053991,0.4874352888004282,-0.11117452360851691,-0.49749601867920223,-0.04023993614837127,-0.9434013368996225,-0.7129315824200709,0.5422670214268347,-1.360714988354435,-0.2066727343385572,5.7268754558272414,3.6069765020366757,-3.614587352936276,-2.2021825129338835,1.1723406103865968,-0.877030806262941,-0.9485907035257074,0.604335130215303,-0.4067224454191382,-0.21564264916011638,0.6017628041760309,-0.1603730839196462,0.29857448282040605,0.9374340733963166,0.3747819332442339,0.8021794849790601,0.9768704982225579,0.27255134868127223,0.6448527132426382,0.7295757441307709,0.1956667933494334,0.5712036552891048,0.49421420844334213,0.032904561233545786,0.41750441715605496,0.29413555366798777,-0.036504489846153475,0.329975944301642,0.11431017089404068,-0.14451958752083668,0.1976130388538907,-0.04108506726911837,-0.18959279115003363,0.11817509689332212,-0.1516850443662181,-0.20178427273378746,0.06657218141915733,-0.23533135156895404,-0.2019897992223925,0.03463286736051312,-0.2798294197892581,-0.1751581959675576,0.008329090720059043,-0.33748903474185044,-0.1446313073846533,0.03672169116576173,-0.4578940966464425,-0.45176545624589975,-0.22781572371967487,-0.37937535953405727,-0.22280375332322824,-0.15724508682218372,-0.3208591239371695,-0.09440991793002286,-0.12188314679349027,-0.34797748989452015,-0.12649019901412348,-0.19252191066748048,-0.3862660127589334,-0.12313384586305905,-0.15303882259067583,-0.09069478592193626,0.5313874625732113,0.46201199177586694,-0.15929792098759113,-0.40419783284655886,-0.6260572116007282,-0.5223318540357893,-0.2172458719075973,-0.722294646900194,-0.5265202086407796,1.4312404904473746,2.1990952036742026,0.39020482868620965,-1.2276289587258653,-1.0536595612953967,-0.38597203923911105,-0.2745092418556526,-0.303128014377987,-0.09765183086633802,-0.048047330841838105,-0.0957147276970901,0.18889221049223612,0.4478536673926162,0.4810038290725259,0.6757842166485847,0.8688131409147842,0.8639955491671325,0.8212314932716249,0.559919050080713,0.09716097190729042,-0.2659313277099857,-0.4894994653299677,-0.4636400279604757,-0.3566126063865512,-0.4450200013850626,-0.3247151701286192,-0.0916005992767049,-0.23418643283407925,-0.24487377335370944,-0.060948089603949485,-0.15461468573130968,-0.08472069340133324,-0.031005177336934385,-0.36653858374278997,-0.2097738665775534,0.1228524716492933,-0.07787819400383382,0.2113900990224784,0.6310159942756317,0.1601069772542681,-0.2287283493521854,-0.489967730003737,-0.7074438998846755,-0.13884123627788963,-0.5608151404018805,-1.1338095376081265,1.805788800890683,3.6753422252478973,0.004297381153565818,-2.2006568262806825,-0.27234155302674756,-0.15178697129253427,-0.9083745807341175,0.058003467330943755,-0.0616451487088216,-0.486619002536205,0.2494715056537617,0.007121569956137436,-0.15322386650700795,0.6347002115361445,0.39055654891527053,0.37959047124850903,1.138897828248604,0.7339683926364766,0.38857888077766645,0.45197728326645054,-0.40403989686975483,-0.6274913260283782,-0.3216226771173557,-0.760006185446143,-0.4685799076355028,-0.0891775887738515,-0.5503561081270315,-0.1366770140538705,-0.00213229603207517,-0.7294453094448989,-0.21163560220035274,-0.11439182675607758,-0.9014342685250561,-0.15413735764574016,0.1659357771555193,-0.31878720169330776,0.49399869924106343,0.1005898041662608,-0.8779006980942252,0.062087565670790684,-0.5572726417139415,-1.3336274168691211,0.4724887445425446,-0.7607096066444327,-1.7230644794623287,4.003038899100698,5.073662781802492,-2.289238360563973,-3.6648898055684405,0.4212143505578347,-0.0937489119015434,-1.1687789793694026,0.1764151839895383,-0.1340898929778379,-0.36930714009889976,0.691765751202848,0.384270873713002,0.0047049607843676206,0.7982373781743697,0.8401083768608111,0.24196584360671206,0.4026123779020282,0.7841147719836883,0.36366837668631313,-0.24008925377108106,-0.17558696449423988,-0.20618572701834675,-0.41654391120492057,-0.15945969619573402,Normal
6.483702463810914e-16,0.9999999999999998,-4.0194366207691266,5.5937808099999184,9.613217430769044,-0.4286356413300707,-0.7015965262998831,-0.02230756873538672,-0.020291002262155165,-0.047971015266707204,0.4838658175739348,-0.3113043183096687,-0.6353202832303027,0.023981489268344147,-1.0238128238180328,-0.8297713396884646,0.47287155464878067,-1.5897355447942718,-0.3984250419166272,5.5937808099999184,3.259954198882521,-4.0194366207691266,-2.494550794270111,1.0065442637211683,-0.8422473797365279,-0.9125503492338458,0.481799053271638,-0.5092331880073502,-0.09917709535389066,0.9580825873431373,0.0126232726152331,0.17740204233319468,1.1404581837443335,0.5034138873615972,0.2028663144671228,0.7301741181145143,0.5874851517199549,0.17407507695260546,-0.1562454018017015,-0.34628644954147747,-0.21252812036778473,-0.26524670248688775,-0.3471340478857896,-0.11875287488113376,-0.06096694985019211,-0.12601236452769352,-0.06490176377740527,-0.04944274735640295,-0.026896719592395122,0.053723128048770136,0.18011553579791628,0.3738454134226505,0.6629125234956539,0.907751031075118,0.475336832753155,-0.12152064753890521,0.10262331147652815,-0.059415727021952254,-0.4867740453103636,0.22700507430298822,-0.026819186188249126,-0.3042989281789164,3.0664482889021554,4.192730835871764,-0.9307010663941048,-2.8837709875265647,0.4108398562918617,0.6365205931550905,-0.688531767828195,0.4181593796228356,0.4942161035331084,-0.1053940398876378,0.6926043467375599,0.6362125543912507,0.3496930355646443,1.0708852175697445,0.9573355789256368,0.771394008982407,1.3013066538384455,0.9402974918278995,0.3921056824753486,0.30755573528776087,-0.1555023162229604,-0.19729122031902105,0.0806547412032417,-0.20835489749216046,-0.13176818283642833,0.13859561751597654,-0.07886193015460129,0.004682745236157887,0.07217065794464611,-0.10944205719741253,0.18529780288617914,0.31473847369947444,0.36897538556788084,0.8135758088305686,0.270659289664096,-0.5778041480523546,-0.23862347690674868,-0.2613720522122354,-0.6056241215770106,-0.19342636991229115,-0.4595886587808257,-0.007738688534668504,2.6163847565070073,2.5857938106563667,-1.0320196763275866,-2.092166887207486,-0.3503054353273053,-0.09135402387853726,-0.5649761081823615,-0.17985783304926115,-0.04461665133547346,-0.12902855531108132,0.09710955898925924,0.2094963531833004,0.3057160144550409,0.49260948733272697,0.5455577132933931,0.6643396449606412,0.7349264930124886,0.40506169145171855,-0.06492453974091934,-0.38617152140471456,-0.5450363336876034,-0.5407086703600539,-0.5478415039617462,-0.6098501713871534,-0.5387060054649253,-0.45447034458381924,-0.5030221803670359,-0.4591092555703741,-0.2866698832237302,-0.21383773814272639,-0.06837528164830972,0.2896685332899263,0.20237436412844095,-0.5121947608308687,-0.8387407859523177,-0.702816756492399,-0.873573255760491,-0.8709048695550875,-0.6960796326090541,-0.8581646822617824,0.3049579126443278,2.1881888167364667,0.6984363529485967,-2.336361246447486,-1.764520014557298,-0.07459010898861544,-0.641476206744211,-0.7762177945116124,-0.052189269326012186,-0.32677116977280873,-0.24814554208733788,0.2399321879294283,-0.013493369135555607,0.20789508230150763,0.6265596330220211,0.34828766019793284,0.5589733765078485,0.6688575216961467,-0.06808394973929532,-0.24633112735143017,-0.3254286176305392,-0.8131648286942127,-0.5596391322274767,-0.4286246739804993,-0.7230590727513652,-0.30780591146694986,-0.30241116602542817,-0.6575418928091249,-0.11129821845533532,-0.08305232463594031,-0.34105263768650596,0.3555765910046134,0.19211435494431214,-0.44786109345746944,-0.20928729646168087,-0.7815782494736627,-1.022273027042125,-0.048664101109134175,-0.9899729410996005,-1.2848099349299036,2.189815215696062,3.1549859701754905,-0.39833690136440614,-1.9097053596797413,-0.8214281384631144,-0.6000274609662577,-0.6126522758960645,-0.27255367866436564,-0.2106305557400178,-0.1413513428854806,-0.02743448720942338,0.11535215729827503,0.275470537801866,0.33582512332355674,0.5272461508978321,0.6027900249208759,0.6439667977117844,0.8215760876551639,0.23559962005610008,-0.417199269386347,-0.1758392310039679,Normal
2.6645352591003756e-16,0.9999999999999999,-3.7356325649483706,6.558348124305409,10.293980689253779,-0.43882970662361587,-0.6112356300451739,-0.1942979733379207,-0.4061275632676908,-0.3447772627738147,0.08946039079541644,-0.02145877028321735,0.3046658306685082,0.3654725148163678,-0.6730710363273461,-0.8004470896822165,-0.4601516123257005,-0.9690332463840732,-0.759706175777577,-0.5037737667228924,-0.8654537966387051,0.8209126405743652,2.430269200141126,-0.018953034302837544,-2.4296617151595643,-1.1899118637248156,-0.09574882019822856,-0.649907798380581,-0.4973663307478088,-0.08007066245920258,-0.22992418624800845,-0.03051430402777639,0.19948840814713178,0.1306787498496899,0.39910748329810725,0.5871567228945707,0.5075653192452555,0.6931275390157194,0.5646872840158969,0.01181467045041562,-0.19210686420223583,-0.39667367317149393,-0.6510002942800851,-0.46559116909563464,-0.44903085879690513,-0.5235618898473597,-0.23182052961163763,-0.331725351717971,-0.44896750120274614,-0.030619426461471054,-0.0876233662723979,-0.10875694726203745,0.42435045003880134,0.14044863399248186,-0.308468039348796,-0.24221943693688439,-0.8178380889912108,-0.7368724229735384,-0.05222732235852436,-1.1435270896912213,-0.7420983461002313,2.783957679316602,2.831755826758034,-0.9317860196732654,-1.7795073762947478,-0.4986893427184337,-0.5940323001833552,-0.5461420881190845,-0.048694088247661665,-0.1894943892780446,-0.09539691210918848,0.18984640137650835,0.14420029425996236,0.33212056726550804,0.563570303877643,0.5242707244681033,0.6652201446884571,0.8943238317589972,0.7128180159744125,0.1670244435270128,-0.2083044864852275,-0.2797449130225655,-0.42054900395254535,-0.47458144821621684,-0.36904906197278375,-0.4678810710935567,-0.4019659009107634,-0.1894458083022109,-0.3585239016238686,-0.30261751814856164,-0.03265437804876686,-0.1292304937801735,0.16536755886232293,0.4904634715197559,-0.02368923667356004,-0.28876295225549115,-0.4251103853425366,-0.902858665335308,-0.45206742375777753,-0.3444454343995453,-1.2253936405301113,0.3817751358093606,2.9378824975665303,1.3826594428331795,-1.6039223786977979,-1.638746885087654,-0.6397842072964384,-0.460342696033192,-0.3399740843444928,-0.23240168981028453,-0.18418363658103104,-0.0037054626224137157,0.12272174945142342,0.20480536377811423,0.3476977854746151,0.5422684498907809,0.6224256756667648,0.6354504775344295,0.8247774999318748,0.6028498002433924,-0.07330809178651926,-0.18989387932948923,-0.22980124860126405,-0.597150967490582,-0.40001808005489775,-0.305033082233689,-0.5505619512198392,-0.12542964579201207,-0.07983372696967188,-0.455858365045854,0.07256601971171577,0.1737557587373759,-0.0632637037296349,0.6132004779715138,0.32168844271296654,-0.40144763136294537,-0.015291223088975701,-0.6706734482230938,-0.9200317629417472,0.37553206338437356,-0.9243405794707591,-1.1796747856184633,3.574082942612467,3.8668044703921405,-1.7786959334998989,-2.4072878766065284,0.2874493323456272,-0.41249696130225766,-0.7846380077836143,0.2769641155719898,-0.1436983778226682,-0.20647842833033753,0.4349382794267123,0.1868080538722487,0.27471385120828234,0.7276992139809648,0.6554356111516693,0.8136990651422931,1.0358658406411547,0.7441933889213934,0.29815655695517673,-0.08331484963521306,-0.2714442139189201,-0.36747927906964134,-0.4103516436331208,-0.25331368680600713,-0.29069425011353656,-0.26939823000331203,0.02497014050755646,-0.17273485850901685,-0.21053493677816815,0.2707614973116348,0.24203635231495194,0.46262956474320555,0.6671867961911099,-0.23702885719862846,-0.20273685043755946,0.07457202076709432,-1.0407888939141623,-0.213316915826706,0.46214321996318547,-1.7849883033863136,1.0436832811939265,6.558348124305409,2.3131108085133767,-3.7356325649483706,-0.8556100721891303,1.1973811354826656,-0.9585303935600422,-0.10355695332969223,0.7542250489950112,-0.3977895217270476,0.3852269325971246,0.8191552983051887,0.059817360525911405,0.8208409702061248,1.024184406323468,0.508377974155444,1.294031459423372,1.26776686910893,0.39250019670647057,0.40664416108859625,0.04074275604210416,-0.3741826288321409,-0.10018293245823946,Normal
-2.6201263381153693e-16,1.0,-3.2897285025013887,4.795391055141865,8.085119557643253,-0.25889118277393747,-0.9458259149878346,0.8456455295882602,2.1588111626300717,1.6326540400669427,-0.19989443761991585,-1.539105769938764,-0.7036813168976053,0.06630749691374155,-0.4196984238446743,-0.21120169109986403,0.12958451354081904,-0.15365713892063082,0.14006682943276466,0.37987749680468474,0.18951040314344283,0.562813517889531,0.8128834003158484,0.693010757874183,0.9036717775071965,0.6920850901561977,0.057815172689907865,-0.14196322054631366,-0.3308721636502112,-0.5018577467688599,-0.34374751436583934,-0.4016822752720307,-0.44046216035719254,-0.19417651971213154,-0.22966517658825755,-0.27638029440193473,-0.09893508557263854,-0.19959319982513143,-0.3062437575724419,-0.17263314861005635,-0.21211933679953077,-0.27629385717096683,-0.1694785107866955,-0.14540924950812073,-0.009654682051287567,0.4188183976664054,0.4448659693421158,-0.22822623786777582,-0.536752211534625,-0.2806149483202319,-0.5229784466233727,-0.6341461080293321,-0.18189692580189112,-0.48974395330055887,0.21573384936531323,2.9127781449696593,2.2374070076603787,-1.8192197779440225,-1.970469141248065,0.3692295204454822,-0.1884385896971957,-0.7011318396810663,0.30433205398522045,-0.018037124244791466,-0.17110800737444848,0.5663201213427107,0.2627814606723223,0.2992696841352869,0.9285840312311416,0.6260001959358237,0.7815896124910316,1.2067160968331967,0.466086373911604,0.07637910597591667,0.05123645855703347,-0.5224139057631118,-0.3978211488376759,-0.19915177122518488,-0.6069771575136594,-0.2453094940238897,-0.043266199077140625,-0.49232696054714,-0.10901977131107511,0.02013167774324725,-0.43629457737206023,-0.07733120516913408,-0.07930135194077584,-0.44892806884437636,-0.015538091085201771,-0.18118694244718175,-0.46113060875460965,0.1876779693590018,0.09574818865878351,0.12871510021975113,0.7625342946232713,-0.12474019268668124,-0.4619776521508195,0.33831071558445874,-0.6884230687848553,-0.6541016269995293,0.6657138244363497,-1.1092733709026639,-0.30098226716232823,4.795391055141865,2.8960843051013976,-3.2897285025013887,-2.057806303719886,0.9735576690981734,-0.48874012392354893,-0.6839837362915796,0.48264571193649397,-0.16478087144109163,-0.09582635762952799,0.5175636792151669,0.11722930339021602,0.34625102181479184,0.7481600863623885,0.5053420634318373,0.8045665469089094,0.9867741068085814,0.44998901036445,0.10793235110888567,-0.19677138229570104,-0.46371145042672113,-0.3528695998172193,-0.40564417345284876,-0.508683020614164,-0.3767356504585413,-0.37124071204061043,-0.35678935010331575,-0.26724208517625286,-0.2605766984413846,-0.23042703477507936,-0.336911245919208,-0.4161075225385943,-0.3079857003102924,-0.4047005268410136,-0.3699694469574353,-0.13147833845109227,-0.19118861203586776,0.03553250095862273,0.31293977794595357,-0.11252201680983494,-0.33553998676671015,-0.5145447909918103,-0.8181829881210042,-0.15679230042889217,-0.42252104425507486,-1.1772563750387235,1.8090342514936795,3.9181153325796294,-0.1754012533396062,-2.703803620711002,-0.3119061287061874,-0.022226003411334044,-1.0041800613870817,0.08961977787836088,0.027291849533101917,-0.5214847094677595,0.35318958281496066,0.1490612225283323,-0.1666889666717428,0.6965593273208259,0.5347729109708882,0.4252910815757009,1.1673125961804398,0.7335909820653623,0.25004097446880064,0.32026662370159487,-0.3996217393737517,-0.528903705960815,-0.1562259565244253,-0.6535387953931167,-0.5062924823529653,-0.09735678377173633,-0.5480059629665828,-0.24291311175286914,0.056734508411104584,-0.4960105859544892,-0.10918525788532703,0.10099262713124293,-0.5233052428731013,-0.10021985173161457,-0.021676083913465323,-0.6216041219511345,0.05022298010401704,0.2663623561043037,-0.0711300149793226,0.6657785579065637,0.23087203563230785,-0.5253185285781735,0.28577577321765,-0.45987320661432335,-1.0350635249624451,0.6001777411820544,-0.6966058973936112,-1.2085785348866085,4.291672934111478,4.762642011708569,-2.213026768042969,-3.0152817055993033,0.7926496067486261,-0.07918868100309946,-0.9967687663563447,0.47034264434358297,Normal
8.815170815523743e-16,1.0,-3.82139855547375,5.522378758858726,9.343777314332476,-0.3400356164126345,-1.087516555775943,0.6518807403088401,-0.536870722367997,-1.2883131690238292,4.010008698925189,4.859726207930338,-1.8716210966884348,-3.020469075613377,0.7161353478215513,0.05759407367703903,-0.9574983091368976,0.4677321248600239,0.09435551722607417,-0.33929508154538424,0.5390662180405829,0.20665059450554468,0.11592286300770717,0.8185859143051917,0.4894625876336408,0.5900496501970849,1.2115370955282376,0.6853369077049959,0.29110796405387507,0.20887432392363028,-0.4204038834495247,-0.416046576247512,-0.2282272648064774,-0.6152491580050354,-0.3994289114847903,-0.18898737613763433,-0.4642150561843604,-0.1345207856701426,-0.05342751368839858,-0.42190892744652336,-0.13209907898363787,-0.16534265182479846,-0.4795841788997684,-0.11014935183346711,-0.2281761516968948,-0.4855931619887368,0.026285338172654882,0.08496857461206034,0.2381243916736716,0.6621689998104994,-0.22650592292835645,-0.6179702057565757,0.045102722864160026,-0.6547445215099296,-0.7649475628873189,0.17100366521737545,-0.7549932492349543,0.11134434630800012,3.570248482243547,1.9778957314748786,-2.5011847660509927,-1.8113392906068855,0.3750762968641969,-0.3578605116422517,-0.5695483223460888,0.10856259415179434,-0.1779630648666993,-0.1788177343254086,0.1886620501472888,0.18049397545906662,0.3756202254082722,0.5754601455521706,0.558414149640238,0.7354806857533206,0.8165851848532631,0.5260114269413784,0.06095160229454777,-0.3024480415862728,-0.3935478519874736,-0.4441264488987826,-0.4674227487669101,-0.3877098309633453,-0.41990425799407005,-0.3151302176525203,-0.19999517937106487,-0.42011865487621886,-0.28070273858617095,-0.04456116641560025,-0.36529469100023176,-0.25718581638684535,-0.04546278031017371,-0.4541250607254763,-0.18876477858047108,0.17277580361138908,-0.19164218291433485,0.2337371159381581,0.3945870378668303,-0.4088156873763901,-0.09495844897745713,-0.2521337631959527,-1.11762771540711,0.1020174820256778,-0.1924050697313273,-1.67857260891162,2.592136648394697,5.522378758858726,-0.5632717548788237,-3.82139855547375,0.057539814679010634,0.45727945168401457,-1.2627693958760358,0.10786601246952958,0.19940325886522423,-0.6088021794614478,0.39386296808236343,0.28287024031213315,-0.19580703006248265,0.6516102211800986,0.5135477898311728,0.31403354500249375,1.0661151956086203,0.7221283862764748,0.18966805737653888,0.22848618854053904,-0.3961399068627087,-0.5425049824819949,-0.1709613426436986,-0.5628696263932602,-0.5076598171032882,-0.14010692549397505,-0.4672670715543439,-0.28866948013840044,-0.020178203946933194,-0.416883611741591,-0.21518848435495327,-0.05381734184019875,-0.4867158372226436,-0.1867552164084648,0.014779209595045957,-0.2867086959764296,0.284506955007987,0.5777456423706098,-0.02272898023016256,-0.09563170805799791,-0.33701421985065716,-0.718314779655933,-0.11908798990227354,-0.3367681029629921,-0.9592564831126873,0.9659804084355065,2.7374532548450596,0.9781216443750561,-1.1033464202934942,-0.9768209418929045,-0.4707239758849692,-0.38382748675944517,-0.2121819511679337,-0.13320763499111743,-0.06309717713489889,0.11024548597304429,0.16634067642464004,0.21062408419961387,0.35591637890174566,0.508951297642983,0.6430870370106402,0.7425176147037271,0.8186675327742658,0.7299018455985746,0.2842705964515532,-0.1631368916254002,-0.2618300323442264,-0.31621705162590147,-0.4232703172894531,-0.34096434763697686,-0.25707699208221385,-0.25250795601214054,-0.11687114986618151,-0.09473325821804732,-0.2119992576503327,-0.09425164299749039,-0.08515945061090706,-0.3013395998171807,-0.1291875507030888,0.07346862969540952,-0.014454429732770765,0.3075194817963603,0.5486716261516522,0.08917749184897465,-0.19574735716455463,-0.36780051084595033,-0.5382842084419776,-0.06587805700977319,-0.37743667489744936,-0.8658293134627395,1.6427704212503988,3.3397631057738244,0.0011089144912035005,-2.0927096886647605,-0.14643380510364562,-0.07365693139054916,-0.9619329724878215,0.20811689272816,-0.004349936100038276,-0.6234545021182532,0.482270121654716,Normal
4.618527782440651e-16,0.9999999999999999,-2.6634412560828418,5.396146624998612,8.059587881081454,-0.5896414235020035,-0.6487772979728309,-0.2967380482782859,-0.3598022017280628,-0.17824509600565352,-0.26085995125508143,-0.6058661456812645,-0.6905204107250751,-0.7949890866809639,-0.5769242273382975,-0.5987588782507265,-1.0934441676323914,0.19635930695181514,1.7363542209102032,0.006858909684895662,-1.7627604119092712,-0.8209261475900264,-0.44443126865232685,-0.9734287026116804,-0.5304491987270907,-0.4294059683441283,-0.7189827111092473,-0.366340135524511,-0.342215893415721,-0.4817959885364004,-0.15301754003795945,-0.1456791853479193,-0.18000775820224396,0.1144480615847139,0.03826778298456844,-0.16427382576123847,-0.2627068217857178,-0.5940377000272492,-0.7325890205322813,-0.6599526873462239,-0.7781948852185335,-0.763142083125316,-0.646951309347756,-0.6960096250535753,-0.6565263081419721,-0.5856745901350261,-0.6289004264390148,-0.6486667885000932,-0.6596003223695057,-0.6103304230784984,-0.5419770205095376,-0.5209521689614958,-0.31370589700194507,-0.2111739324511178,-0.5408694165473905,-0.7981410141999689,-0.8407818764495055,-0.8264298786964116,-0.7041477017026048,-0.875219303385194,-0.8388883985927911,0.33268638482529816,1.0148044643293523,-0.21024837057730966,-1.3749707628686112,-1.1479455518423494,-0.7377621841772883,-0.6980088915999391,-0.63384297742299,-0.5771312347439352,-0.5507312856936347,-0.4728337602575194,-0.419909182202641,-0.38066861558503545,-0.27756830981873143,-0.1583518676916841,-0.10316574858323882,-0.06235908505552298,-0.07547924328070502,-0.2763407957517473,-0.48998979038161056,-0.6166982145112859,-0.7823794226503927,-0.7902820221302183,-0.6907957237999851,-0.7605039027921587,-0.693391653443708,-0.5621002986590545,-0.6881258511327615,-0.6217920372082678,-0.5137218716852969,-0.7144770268107036,-0.5960752856889459,-0.42057936190361933,-0.5438447427686142,-0.2743403303685388,-0.2688136787596738,-0.7388869022477201,-0.5139752783156611,-0.6610598573256207,-1.2215809653352305,-0.4524228170135408,-0.6167952310728202,-1.6115967659680752,0.941383265905136,2.9244593270608754,-0.6012520071450773,-2.6634412560828418,-0.4173383159026671,-0.22637966373504195,-1.2936259735154814,-0.40718181263405234,-0.35228815670080726,-0.8755500647276455,-0.19810992506876343,-0.2668467286715115,-0.5922078037805225,0.007573257526895782,-0.0996824188285817,-0.30974225199106487,0.2120994275018459,0.019580378874527234,-0.33323411759348426,-0.2534443880363066,-0.6660737475099562,-0.7631670052544124,-0.43913769993217033,-0.7068062998461346,-0.6640618763610447,-0.3624820433747608,-0.6475735812411573,-0.5140735456274456,-0.2743030378309351,-0.6443035395745552,-0.41015017868657827,-0.07930668258078356,-0.33312280280473394,0.01755383786460124,0.06697271258717606,-0.5564993545878947,-0.18979929323563474,-0.21490115531354106,-0.8572174112040571,0.0729530503801553,-0.02280172278639005,-1.210373233992171,1.5714170212566763,3.960187761877737,0.21297515246803175,-2.2216327132336833,0.21321781205071477,0.6599454062132569,-0.4784867009534483,0.4509796865405286,0.6557816214156297,0.07416527070107969,0.7408612710732837,0.7992550844635542,0.5133306237033516,1.151862249758303,1.1105848410216637,0.922624105416787,1.484270884358951,1.2886006395045158,0.965146287281338,1.1974711064935744,0.8340824156788386,0.7266694821026708,1.11325986048038,0.8375678165959616,0.9218465319398054,1.3235092744906836,0.9879659656443326,1.121761435937616,1.4187709924169647,1.010059650002381,1.3024534099545548,1.6407845719227694,1.326407975552845,1.8040198437120545,1.722981314479229,0.8257136242377405,1.3914130978399344,1.419263737829699,0.5331356195542493,1.5513231011938526,1.4177070676602674,0.09541440212089584,3.098116999784961,5.396146624998612,1.434023492615689,-0.9124676128020334,1.2451769022715446,1.5483187154371605,0.6445290055655453,1.2345209898790082,1.2814983945315326,0.9535912782583766,1.22465671166149,1.2095756188189404,1.1809081568877136,1.2485392583072177,1.2771488437229328,1.4887026376159878,0.7378682564175095,Normal
3.019806626980426e-16,1.0,-2.698658738053522,4.32951483790039,7.028173575953911,1.294260887198763,1.334984585307075,1.4758098314896664,1.5198830929626215,1.6473437911367528,1.7683006057392432,1.2989039516446805,1.2050916165328467,1.5312909629244753,1.0485210889517338,1.1341589015657556,1.70793169965089,0.7512220988368846,1.3691699976176552,4.32951483790039,3.348671070283554,-0.19321972527622688,0.3714943985017438,1.9545183618077915,0.9863273322043209,0.9552052465598674,1.6467241710839562,1.054472340071224,1.1340643412622624,1.5569192333508546,1.1040583784793947,1.2853666210765033,1.589317040642267,1.1804323131064347,1.3479989927428755,1.4932417500035722,1.0119055381281563,0.9805003649785222,0.8669407861707447,0.48834387083430286,0.703882399433326,0.7019472436268673,0.44803783952720655,0.719217135697608,0.6624179872943189,0.4273991110151979,0.6646979467325217,0.5103206651549348,0.33497424382064644,0.6350805387175519,0.5219094704333571,0.5295380486509711,0.7403561824201804,0.14682885502826767,-0.0494871184449873,0.2901216885727121,-0.21455924102326196,-0.17846107133439829,0.298977527043806,-0.4686249400160332,0.13345991479252167,2.239512435340641,1.1947602639021067,-1.3258670392755274,-0.8996050430199742,0.09912153301576312,-0.41599351026402254,-0.4732380812056864,-0.16572949129639702,-0.36245381781849234,-0.31236009437825113,-0.17914898576569935,-0.3066655571977665,-0.25057230907144196,-0.159555477425117,-0.19508473409705268,-0.15502723549273648,-0.18175968387289673,-0.37436864204490133,-0.6149743147092642,-0.7818715230265977,-0.8292805493045288,-0.8873871622308985,-0.9196600745717359,-0.8821326437501724,-0.93174471911263,-0.9377613106753124,-0.8773740503737028,-0.9467972497051826,-0.957871433435596,-0.9458945648891731,-1.0446159997532256,-0.9634657180164924,-0.8798575178223659,-0.8771003039768982,-0.6893588888943586,-0.899756063259597,-1.3118769543243007,-1.0774021520775696,-1.1495748638426408,-1.5179796799687078,-1.0448707973414302,-1.1587274187421301,-1.5224652801695924,0.2472204063896572,1.0160961512529527,-1.6074912057137725,-2.698658738053522,-1.0810350013071046,-0.9392746496175474,-1.5681838870649665,-1.0628898881671554,-1.0400279748091128,-1.3205675567434716,-0.9674740478471421,-0.9760193750872699,-1.0878223541511451,-0.7862001786726119,-0.8247695848133693,-0.8874776018753691,-0.6570224851781412,-0.7921130619105328,-1.055549382089051,-1.1187808021688441,-1.2536628806409773,-1.278602806882387,-1.1901488092966432,-1.2114104848470242,-1.1478056418810145,-1.0759814631203373,-1.1177811136841833,-1.0513274481587374,-0.9889197870829342,-1.0473334428563161,-1.0189787352396846,-0.9323342617683316,-0.9011651447332292,-0.7945054152426451,-0.5751354030270339,-0.59992680313399,-0.9532213157001742,-1.0027448557351526,-0.8388828354366339,-1.0525960498805027,-0.9724146846107188,-0.674058146043972,-1.015910006076707,-0.37218131841237173,1.2236023771494884,0.23232611115629886,-1.963422116105956,-1.309507377421621,-0.1198484121907847,-0.713203307393716,-0.6847168975253426,-0.15397128828825407,-0.4887704952349761,-0.3637162590345446,-0.002385184261312003,-0.24254578571816815,-0.036699570781340646,0.22777303033059607,-0.0012839182914632429,0.2335137367537934,0.3915606626262486,-0.001379471521623073,-0.011190670924734827,0.004949497819524769,-0.19036737791896047,0.031083619433683395,0.0835564196741861,-0.07536013750048967,0.16682793648431335,0.19325307517010626,0.11117471845477324,0.3815996915466365,0.2907836887680978,0.18541804799047162,0.5108449895479101,0.42535960941809536,0.38703969810084693,0.7913394566175033,0.6318164244350447,0.3866320672005487,0.5202702761689181,0.25179865050658884,0.2655344304654031,0.6164310303480102,0.1774422328096724,0.3895160125264271,1.8245069921189452,1.8585295729714009,0.5090712236718052,0.06522007652725417,0.35222586791044164,0.4738067682737868,0.5328660656545738,0.5495629798076017,0.5962752766761648,0.6336163896541419,0.6265086114195308,0.7786937778081334,0.7805839087892237,0.6795118342248517,0.9971434055482101,Normal
-1.2789769243681803e-15,0.9999999999999999,-3.969427834685252,4.1122062540283775,8.08163408871363,0.47659641511640005,0.5681234621562166,0.729008680398559,0.8339238647785294,1.101848035674814,0.8983126419929638,0.5911867168884893,0.5605649976864998,0.3826672021081146,0.6088928261145825,0.6807512087709189,0.1973467053070952,1.5187996474884826,3.433044799358706,2.12687937383943,0.005451048199815771,0.2640815306443025,0.7634052240132625,0.6039899506215951,0.8864073613367301,0.9505256135935443,0.8020255755624879,1.0423234465297435,1.1284693352443738,1.1000201274217751,1.2451848125073834,1.267963651901715,1.300274010999518,1.4402918277514767,1.459280884515602,1.3052935211216674,0.9962926254821399,0.73692704294496,0.5920057116003873,0.464343707345408,0.5198711163598234,0.5516973418362514,0.4351864944688816,0.5402510485309895,0.5765670780369064,0.46687439711098444,0.6023030678167713,0.4900654466840967,0.30399086968581446,0.6106944280567832,0.6303526429214803,0.5666670184606603,0.8814445004488289,0.5398284346264984,0.16933628802846798,0.31835162175012977,-0.21144554244690128,-0.15012649442319248,0.5057479340043644,-0.5996266572766681,-0.18918778939227046,3.1547538829848008,2.7353201783063446,-0.968153666256861,-1.0739732919369447,0.3102147218336734,-0.36579402604808786,-0.43562891898778044,0.1273923488806006,-0.22639700927397788,-0.15885440379805024,0.16217431613757594,-0.02792795179961159,0.09775743717636624,0.28027518781629107,0.18178154418471326,0.3048285965172881,0.3682671426956311,0.19126856657861607,-0.04197618953054405,-0.36750514493881886,-0.5556153986961668,-0.6151464194307897,-0.6556183553943804,-0.5743792844584422,-0.6258358343667483,-0.6930010627413131,-0.5874842496813109,-0.6517835147108847,-0.6251737529966843,-0.5364864982786279,-0.7799140456563032,-0.6728640570319284,-0.37934539767761033,-0.440891603386819,-0.19176661475081255,-0.36761875990833787,-1.0559996069634678,-0.6919196315580654,-0.8413956875775805,-1.6223146604374994,-0.5766032954192473,-0.84308042740267,-2.2604091240394557,1.3692493898066023,4.1122062540283775,-1.0414101060596463,-3.969427834685252,-0.6278032464218135,-0.29632220229091627,-1.8846059963109163,-0.6865977249044907,-0.5930744080849135,-1.3603294596793123,-0.4889661446379907,-0.568191187554501,-1.0019819589406074,-0.2471014964516935,-0.3836080067179193,-0.6349127635403433,-0.04287766140489513,-0.3864783290151696,-0.8194497282423747,-0.6572347566474639,-1.1188681566059737,-1.228474293869466,-0.8630577504186513,-1.183836695891599,-1.1390106838446958,-0.8041462997120095,-1.1024504576418976,-0.929351647142676,-0.6443680857834035,-1.0523177906047751,-0.8849082645416624,-0.5487440078345165,-0.8029619404695753,-0.5131380412952123,-0.3120653107530941,-0.833799952384004,-0.831308500389946,-0.9385685241609001,-1.3620651355884865,-0.7553974913329791,-0.7842249773011152,-1.5825120254046086,0.21666658828220264,2.2058525194701897,0.21385266908135908,-1.915934836650852,-1.1370547202199106,-0.699731626364642,-1.0740628943435129,-0.5774526960645345,-0.4506493713178108,-0.703119395977841,-0.3053074350340152,-0.2374696464556041,-0.3370046575846328,0.07721591127459702,0.0672380349060664,-0.0020666352394246726,0.4191073898382097,0.3040185684591229,-0.009313337890871553,-0.021650063342279476,-0.40322948644690804,-0.5218656627471776,-0.24628881742954903,-0.4642211665711608,-0.4279842207110946,-0.14404216587728647,-0.4032888396097497,-0.24797847159568315,0.04582340653985856,-0.28663936214743296,-0.05595690236367803,0.26083167889740383,0.06470891154085032,0.5426485829228405,0.44131795118992784,-0.45211620983966394,0.02772027819313922,0.06543532638873481,-0.7651454893460128,0.1990522042736595,0.13796228389529405,-0.9977964308699053,1.979717360915179,3.9821514524878574,-0.26489699673721007,-2.4533533617083987,0.17289045965080987,0.6242259196391025,-0.3403852996757602,0.36567817975314776,0.45503326359457075,0.15122318134445975,0.6532691225237042,0.6822514126445131,0.579155529022744,0.833799453607385,0.8433795710278629,0.9099234274004899,0.8238260918410785,Normal
-9.925393840148899e-16,0.9999999999999998,-3.4336871958528037,5.838460858128929,9.272148053981732,-1.059419594031087,-1.202511826537798,-0.6930989346132982,-0.9586417278530096,-1.1234652458392198,-0.6357569721699468,-0.7288983272143814,-0.7072993366948122,-0.2655320046099905,-0.639195183136552,-0.9624425935027433,-0.8958000993169771,-1.4009316809012577,-1.1494818123925687,-0.6004358054282267,-1.5843368102244173,-0.8153452379489183,2.3007982970622343,1.6926388736211189,-1.7005137345971821,-1.8160145877649119,-0.6427891947666502,-1.1184260506662045,-0.8833859893451845,-0.31280799238795814,-0.7270232288965495,-0.4774086359314428,-0.0782116837341385,-0.3610079979463084,0.009995509527060423,0.30296319789215165,0.014363947328200642,0.43721720037817935,0.6385065769785081,0.14071757796940915,0.1148373761085809,-0.15900027457888538,-0.5994264104925506,-0.253901673946046,-0.3036556871006422,-0.543791805299662,-0.10637014616482572,-0.23930952655683133,-0.3844168588430744,0.14797067205376627,-0.09054776285275977,-0.19185049271558385,0.40516319824687946,0.22233304369171916,0.4649671567126724,0.9121892292525273,-0.16012828814427316,-0.2324918574782425,0.44450826325330856,-0.613444847267951,-0.2472616326724903,0.7242036256067117,-0.9478862277895119,0.6633481915761145,4.895190541437504,2.0494711359376443,-2.8089708226371677,-0.9264803231807369,1.1767936690562972,-0.09713193817478614,0.1329039497837421,0.8198852163794882,0.27903353895058974,0.6404283661499122,1.0391436166449912,0.7321699767703344,0.9970609792173921,1.1973886848801119,1.0351260277462002,1.2282306941442251,1.245673021335148,0.8412492268082028,0.47852600996938877,0.2984403062481231,0.2507015091194457,0.18283776949165767,0.23517343662442633,0.3253283255771298,0.22119049687499967,0.410114991666337,0.5484224097367552,0.23135712814949688,0.46330743035173255,0.7963856204747455,0.6708216312127732,1.061475639109676,0.8137915607139344,-0.11203690965009666,0.36611078274740594,0.22012104363667856,-0.681348094050997,0.5954623228631497,0.27029407985534165,-1.2915738232407383,2.9594379875058086,5.838460858128929,-0.2449449092145797,-3.4336871958528037,0.4120084295366491,0.779054543426373,-0.9244533405092158,0.41250462239515123,0.5355272979533242,-0.290267316875184,0.5671154448413047,0.5132027267873792,0.09881649868321707,0.7884268403395779,0.7093699240493823,0.5899809396652215,1.0482400339569353,0.5249593288554729,0.04550970037849823,0.1331273897902807,-0.3324573969852648,-0.4359113097046629,-0.10616409751777814,-0.33239077101041437,-0.3214985835215508,-0.11700483121341258,-0.32466041559918185,-0.1650487891885632,0.1299329200267342,0.0029882397837354244,0.18777922340154016,0.5324712185205799,0.2657421096043175,-0.26150104214454223,-0.473784852054799,-0.49293600734351084,-0.6213663805575875,-0.6444440898764994,-0.5797529814363774,-0.49545388982814714,0.8630197858347216,2.5669005365404587,1.02882363308412,-1.8790713057565605,-1.471346819188993,-0.0245065718165093,-0.5472416766481875,-0.6793309412629902,-0.060782482042312874,-0.3093478487398819,-0.3424552743666921,0.04141018053659548,-0.03485211905257925,0.10683355710169812,0.3715058142880763,0.2877593391718024,0.401089222007872,0.35862525062424466,-0.1337531848680042,-0.3846116288977285,-0.49892798571963776,-0.666551535121418,-0.6113796933935464,-0.6034895297433223,-0.6334689733218333,-0.4567989285686072,-0.43864694234727775,-0.5560315683929712,-0.4166284250507717,-0.2226795363823806,-0.15341524554911712,0.07310033950867838,0.30088249015892293,-0.09892500023007647,-0.6984108276985493,-0.6220044434671567,-0.584802195052565,-0.8706688093782575,-0.5739603590701678,-0.5865789784794868,-0.5937858973690495,1.6809368855031785,2.976967079732205,-0.22455750098055094,-2.4769800915711206,-0.7132711922902684,0.009374743923663754,-0.8547664449458373,-0.34327742385185467,-0.02615718614121234,-0.43555579359833657,-0.057103961750239615,0.11731688799248739,-0.019467211893629353,0.3844346387631346,0.42761021670689775,0.33170837204415543,0.5925068150891273,0.2600302467648189,-0.2039743606517539,-0.40332360355649577,Normal
-4.529709940470639e-16,1.0,-4.403911247274936,6.986533241749369,11.390444489024304,-0.1767846595712034,-0.19617773530773136,-0.10549452679294267,-0.0057533953612677385,0.17151371571781698,0.2669576922739725,0.3871321576590768,0.6858009438522933,0.4464396473719715,-0.33175297162287753,-0.4650733225911179,-0.3540776844128088,-0.7047184328239942,-0.6081449121496455,-0.46979097123693775,-0.38990452619463706,1.6218701037950651,3.2092805801886684,0.521762379691711,-2.291596332510456,-1.1252830867585712,0.065273851743641,-0.6353894348269764,-0.48820577300127826,0.025368926478751403,-0.2741532581793586,-0.16622688566894459,0.1546477567587622,0.11025813311634625,0.3347363749297217,0.532976535301107,0.49291845414768976,0.6268639438139043,0.44209014185196294,-0.0957473824916953,-0.34472295022008914,-0.5032753637486527,-0.6418013109469664,-0.5696890679649317,-0.5942290507207942,-0.5798861123611917,-0.37010194870735735,-0.41256302687367913,-0.520041367497136,-0.29364671204927584,-0.11170520244238463,-0.034481207990708224,0.30855572169133794,0.4515795221033925,-0.15810644666966536,-0.6994226378336684,-0.5588707776766859,-0.635273013213175,-0.8367590484511203,-0.4938140685348247,-0.6604671001265819,-0.2278268298378868,2.644859305762068,3.241660994819205,-0.9353761465229674,-2.675897435254108,-0.260714402856711,0.001518346638361674,-0.9728757487040713,-0.04751210645071166,0.04629410590062906,-0.4645952430192455,0.240217589468808,0.24096298072935085,0.05289485662503325,0.7498054717156208,0.5790719847279309,0.4491700225681472,0.9649566652569516,0.2632053079129207,-0.3108505419625284,-0.029870455901278493,-0.5857084832654373,-0.6970930606405988,-0.20343888595043066,-0.6832712093509601,-0.5354983970330226,0.020057131219347976,-0.5075200613415266,-0.28155075636341037,0.04482403817194644,-0.7087072568825442,-0.17336628179500202,0.4764379888155113,-0.07078018922633887,0.4876178357951793,0.3118692690291202,-0.9688967231135096,-0.09215320414844648,-0.23394502189823677,-1.5879555633852702,0.20985447769828636,-0.19211240483622696,-2.3161053411588175,3.230626163631497,6.986533241749369,-0.5450879324430454,-4.403911247274936,0.21843399494961166,0.6189727654152439,-1.3519429990009493,0.1373847333526837,0.18434259915617046,-0.6794922440088903,0.41094484811881404,0.4082934584748461,0.0028372450558876183,0.8210472092152566,0.7291773776201467,0.5135604735847435,1.0293800095623724,0.6343930940935871,0.13327803719001016,0.1491452225093073,-0.26229977810679295,-0.41138514497235146,-0.23510995236737472,-0.3784928348802813,-0.210566629380977,0.02581448754354056,-0.1254698321741368,-0.07185307322244615,0.020342871422504526,-0.0819400245946662,-0.11063613336911886,-0.11772480368197426,0.07337005322242521,0.2612036350368555,0.22510691552277282,0.5425762110608883,0.6485026184905673,7.37429804149758e-05,-0.3505571168983148,-0.3950903883194821,-0.3898893562725618,-0.13970665098869675,-0.6156451165610202,-0.3650704351176955,2.2731401731512615,2.9420077184232434,-0.04666259744542182,-1.3862506992941204,-0.4443296306014709,-0.39106695017742116,-0.29968627202161563,0.13479630055479072,-0.15887768951410802,-0.007488724282278199,0.35749990025858575,0.12165466975540691,0.42439285098944723,0.7624721720699675,0.4428119541374887,0.6582209717112041,0.94992956249999,0.5864848037974505,0.3906073504308397,0.10585923489616894,-0.3619726391618656,-0.2890205254753739,-0.27065859137350035,-0.45143236520421187,-0.2451240338476567,-0.16401017483485622,-0.23457817754313073,-0.12393541024968292,-0.2166166407477068,-0.24175821258969166,-0.11828696033956895,-0.2481452007500285,-0.12942329488407886,0.1356224016156231,0.20896326586818395,0.6256151660958347,0.5464190138950575,-0.38282359238713204,-0.48541031414114055,-0.2508069274325439,-0.6517200326592577,-0.4802819305241941,-0.35441141369575474,-0.36024743642762946,1.7400021357856066,3.109395762728314,0.2009250456755983,-2.276653593174013,-0.9768921718694092,0.0746708052499047,-0.4416136354144439,-0.26198021398428667,0.09595043153980955,-0.057823707022039414,0.20743753775317147,0.5283699591989707,0.2087197567528293,Normal
-1.3955503419538218e-15,1.0,-3.9879239439251997,6.494652667863468,10.482576611788668,0.19466618225340243,0.2572624324118586,0.3042873204654225,0.6529931406698151,0.10784815179225617,-0.5321927917383544,-0.39822593743812024,-0.41873650676440155,-0.32179051157490784,-0.5353323116254929,-0.572140331112934,1.806012494155001,3.1316666925764918,0.26486887895951094,-1.5574824787967454,-0.5343513113894506,-0.4315329013404622,-0.4763220087064416,0.12579923177454666,-0.2062302652074848,-0.16830733786248325,0.35216317523440727,0.04813009412217662,0.2708331397255829,0.7608522443062908,0.37481024249094674,0.5291493112205233,0.9403748033803206,0.5348970030020062,0.3401737567495356,0.13361274089497127,-0.4336903935896999,-0.3703395196218777,-0.28955803295779714,-0.5493918636841153,-0.32702721546136754,-0.20291193808759478,-0.3346501065087046,-0.17776285566284802,-0.2539301701104701,-0.34765731705136343,-0.16336110783066043,-0.29636184655991693,-0.2509797202382142,0.07855616577609122,0.12191761034670219,0.4952929481420891,0.5797863212337722,-0.36248218957362627,-0.605651406102538,-0.283539777882239,-0.6899682629793579,-0.6055438356018517,-0.37355484891732477,-0.5221847568940384,1.3598409833212355,3.1383053134702386,0.582696542455712,-2.279833829559478,-1.2656332331836222,-0.009989108792207723,-0.44916265510950765,-0.3767520999566637,-0.0004971046293964258,-0.09344482466255895,0.11261520609486153,0.37407264674284124,0.33742938198481404,0.4800814409940499,0.6902405903909195,0.772920974082521,0.8724654436321768,0.7579850426717961,0.3337900608306385,-0.062268265681659524,-0.2679042019383888,-0.35319704594672424,-0.37380010851430473,-0.3206955925549097,-0.22997198413798148,-0.206440401889322,-0.20100795158626206,-0.12477384210855277,-0.07846748439332457,-0.1392828008511661,-0.20623760912839278,-0.1463107407980421,-0.044945987111865815,0.031634867685751536,0.3998762799276794,0.7295197952270749,0.1472179646996977,-0.5402893008975175,-0.33943122107122825,-0.3278048277778606,-0.5475579590053563,-0.1704378368609324,-0.3720032640273188,-0.0952194762225485,2.557501746434719,2.975574011819066,-1.073553285297247,-2.606932983623138,-0.201745692015692,0.12611360972242974,-0.7928750836543816,-0.01243570844562358,0.12189062207602537,-0.28081900131496257,0.31652650024271867,0.2873149009606995,0.048123269302334556,0.6100795434214457,0.584521620106559,0.5742801930735608,0.9930085746148705,0.3486321904245325,-0.2140189812131016,0.005789337883051353,-0.4212588220238911,-0.6000702764720598,-0.2337868892067606,-0.5331248775745696,-0.43456792247199105,-0.04229128113126812,-0.4335264012968111,-0.2570999515514203,0.014299070957744206,-0.5939206961750708,-0.29008686979095993,0.17358169941825016,-0.3119264588434733,0.2074479780630836,0.6424242593317934,-0.24493172991595957,-0.27965713625746286,-0.3861108018040318,-1.1054040602531758,-0.2486830046935244,-0.3302879637516787,-1.544541534423434,1.1082295352214953,3.801091115794133,0.8660927965256465,-1.9846247536777297,-1.036992708738883,-0.45367234525423583,-0.7529304941141015,-0.33580189252258213,-0.21874640990297653,-0.30797847497135156,-0.020406147542597137,0.11138078008288822,0.11649443344075047,0.21594940995876086,0.3597864731348472,0.460382413215756,0.5027563065230215,0.671097933984889,0.5041176513211123,-0.08873520289092554,-0.2636917685904331,-0.3782228488783485,-0.651322108267668,-0.3802683924556856,-0.32800745799847236,-0.5509935651141254,-0.15128710354529304,-0.17674476810463477,-0.4456543065314483,0.01888559685485739,-0.20722386239953597,-0.5676265837576178,0.12476169162737642,0.1775382524685736,0.2226006293088557,0.7015034648051018,-0.3636699218569278,-0.6674321822581933,0.1823057716225552,-1.0508601920462581,-0.8407538480982165,0.6876632950315763,-1.692407283116589,-0.3929455185181748,6.494652667863468,4.087096086210773,-3.9879239439251997,-2.3939717975202885,1.3521243821178153,-0.7439910800002367,-0.8548622204815328,0.6550740031514931,-0.41903988466322445,-0.24938449215040218,0.6246934747483339,-0.040773709301815966,0.3100954941512097,0.9036310563073353,0.31539684044585814,Normal
1.7119639039719914e-15,1.0,-4.20665674051219,6.355142755172467,10.561799495684657,-0.3803489379224219,0.15687324662058758,-0.08508381138204024,0.3971971655481152,0.2728011373927477,-0.9148931445650068,-0.2170843344901582,-0.24412126660522393,-1.4797113138370406,0.08306245028646216,-0.1547470348519147,-2.206357780553062,2.63806053442931,6.355142755172467,-0.33785859387664163,-4.20665674051219,-0.07371982610383888,0.5238946214857069,-1.323411670833017,-0.03683203184662817,0.15281995004058788,-0.6697758437727259,0.17261796748988922,0.2174272271464547,-0.14268414436868077,0.5271484389238993,0.5011443243842905,0.28259520250391484,0.7158999880866467,0.5746319308744602,0.14422652650224702,-0.07149605947311748,-0.3963423919395016,-0.4300132491152629,-0.32283940717925635,-0.4407859494600073,-0.411490874058855,-0.2534961698138705,-0.1610484443363953,-0.1899651881132252,-0.25515640516586424,-0.1304498035869988,-0.21233542849909715,-0.3781237821812354,-0.0523272607485223,0.0828089007661437,0.08753089469688519,0.47705604297985965,0.2210118995515285,-0.2529462099079183,-0.21352928599244858,-0.7376326149939781,-0.6684700593950501,0.049534753521633335,-1.0593258755960118,-0.5878029249090039,3.211266635800062,3.0024163998397073,-1.1159435147486714,-1.415246059905783,0.1128020854413269,-0.5883363278352649,-0.575811256982789,0.16105306655976045,-0.2803264195241904,-0.21845443469099105,0.2600431898241487,0.0720388781110152,0.2548947043387934,0.5912369276837269,0.45269543495238623,0.5552857792871284,0.7769105283038819,0.634966721406966,0.3007671927217039,-0.057794043124774326,-0.24811537220988958,-0.2919703215114789,-0.29622993853991636,-0.2671675337910458,-0.3066735093524637,-0.1717749090439622,-0.027580603296436985,-0.24518579035821772,-0.14634605315957736,0.051330795981784735,-0.3021338463156357,-0.15252791899618162,0.25387411895661716,0.04479872153597247,0.32328401889945235,0.45967025782362075,-0.23379160393910073,-0.12813720045399227,-0.3433760563476613,-1.0750994300244838,0.02245464296338914,-0.16604441145159812,-1.6316887790266388,1.9119578490616733,4.9436548282734565,0.2083465938475681,-2.982039985378191,-0.2465318488408444,0.1620727076307472,-1.0933211232306523,-0.021742864007125412,0.04192630525914365,-0.5542452710969801,0.26364520943576225,0.23023106068164503,-0.08824974638161195,0.589186512642459,0.5209015271428858,0.2865190488009765,0.7316519179267754,0.5824478102862763,0.24641880245025122,0.1638932641134499,-0.26178658298489577,-0.431006425911546,-0.3381955312742892,-0.498862497613869,-0.37411524849708216,-0.15193015106109006,-0.26220943547660297,-0.24703585407478137,-0.19013514610452972,-0.2866441371771966,-0.23464544934793616,-0.11438751319875037,-0.0467459759863786,0.17161205526316675,0.5221340399651635,0.4033208168842847,-0.33004652512677485,-0.548279929948358,-0.2956790457151846,-0.621859429170987,-0.5932163083551707,-0.2842345876664445,-0.6854089164621834,0.6857319177792832,2.8492030271633366,0.48482204428791115,-2.8930550489353073,-1.3336388245732245,0.5193111363471242,-0.4969011613215001,-0.4060089322705494,0.3373471013610034,-0.16014249517539167,0.014343660633116682,0.4356656946888453,0.13319245561795906,0.47326364383724573,0.8339042134847543,0.5506359739602431,0.7188134516378977,0.7465919681125139,0.1676414997852639,-0.05911575297837897,-0.17001314512851712,-0.37442957039523844,-0.247348557744486,-0.23011879805003813,-0.3363819357678823,-0.1717095785306797,-0.09766745184917695,-0.14550740484109187,-0.12273401424618574,-0.15352256469551437,-0.06235183191360379,0.09727032524450972,0.22499289752871746,0.5773739218949164,0.5485564449130647,-0.17700075633266218,-0.4330470296390354,-0.24304523420715207,-0.4906275438399995,-0.43344028090569475,-0.18471879946902636,-0.4802339451923183,0.70372952812547,2.7776968614112656,1.0541805452864255,-2.2962813577785264,-1.3846495029068742,0.5310035798799392,-0.40618310374082994,-0.4703887253129471,0.4866532326893626,-0.1520506751485861,-0.03370568749447023,0.7052383871293499,0.03938669320760602,0.38566080819493964,1.1564297242698447,0.019357288118764082,Normal
6.883382752675971e-16,1.0,-4.1720164334981416,5.856214472569616,10.028230906067758,-0.21403586832968266,-0.27593148754427366,-0.15172555559999765,-0.2265277118078476,-0.14646908492560787,0.15093471503664238,0.2699515212318547,0.677307333182045,0.6064619229998358,-0.4543481854812656,-0.5927878249780603,-0.21276329027135482,-0.7799798404804262,-0.603568193768874,-0.24227967337442025,-0.8016223807793428,1.2044383806776724,3.5872592029793853,0.163090542832051,-3.5179821678939196,-1.2172074030630027,0.6750425431570535,-0.6273372310422891,-0.3071141124004552,0.4788333801886854,-0.17175098184906987,0.16116274738138606,0.6099713182400778,0.2019581039381623,0.7204654399755768,1.1059183520581992,0.6871993724217047,0.9971017259128893,0.9746166653327483,0.1633133549947438,0.030999276261901968,-0.12267601195133988,-0.466706588887067,-0.15216851223793207,-0.19526850912942842,-0.42787771193691604,-0.028301610548140548,-0.043122754963498204,-0.20904418106177639,0.04258532762027956,-0.1350400740331188,-0.08894797002462639,0.3530003686632836,0.31490484910206773,0.7149921607774677,0.8646331766838126,-0.31696311396928406,-0.5056143154747414,-0.02468641981514668,-0.7088420624703133,-0.4472446885080017,0.046677176987439596,-0.7156067886724432,1.2004324204690182,3.7276407586008715,0.677137903390378,-2.7815964112851055,-1.1253280018096157,0.40391696035349817,-0.3744326709225664,-0.20853945130213414,0.28016097316034305,0.08868138572657511,0.2521615733400615,0.4612187798124168,0.4915408217684575,0.6913966537355187,0.8362569072988911,0.9443449423277681,0.9624791890631889,0.7806110385280214,0.49275529417464337,-0.012107703154049564,-0.30118978068691943,-0.19893220409799395,-0.29884614281890615,-0.301078767501319,-0.1328845999731314,-0.2475263622606096,-0.0674963896002173,0.11080847622645966,-0.18761907262637995,0.07294693394672107,0.46138588841156636,0.5302371389931524,1.0285939628325895,0.48386262896864873,-0.6357542672898604,-0.03382550642866654,-0.27815813862779387,-1.2813598997741853,0.13214433437892745,-0.28706238827648006,-1.7886907138244208,3.003213402936895,5.856214472569616,-0.8890103320518511,-4.1720164334981416,0.002183597651578179,0.37476315768975355,-1.3260797774592252,0.13863103464577553,0.20483977955345004,-0.5791706543912581,0.46714830802479756,0.3674978004193971,-0.04899605210744805,0.8313011692050748,0.6710805677503852,0.44100537207077073,1.1337106773342516,0.6698795895904727,-0.04210249997827826,-0.03482804164094252,-0.5034885233871396,-0.6256692926314611,-0.28330828026375265,-0.5952564875200753,-0.5663287459453225,-0.1871356900435747,-0.40386412442320135,-0.26461895886175796,0.13621910905853513,0.03279887018893495,0.3676972632295816,0.8540919552957909,0.34040223018219906,-0.377326962120833,-0.6001505842931332,-0.7105286198279903,-0.6829051799428871,-0.6674761723271023,-0.946530903677027,-0.4353440128114963,1.696298666524635,2.8773551599929195,0.5593310223456771,-2.049905693078309,-1.3842401705083687,-0.15620389208420116,-0.5727746548029523,-0.5241584933987569,0.016355590028210222,-0.19588442165235945,-0.10973649831945265,0.2800849598428179,0.24541765874018248,0.47987168203996444,0.7530574442380399,0.659184880112446,0.7972461684088888,0.6369906171334454,-0.07547641148613546,-0.38435958789945757,-0.5011547192416393,-0.7165331857421642,-0.5908136820694896,-0.564809220564628,-0.6986541339201268,-0.5078984241888261,-0.48988702258950567,-0.5878805673999341,-0.2780756548635224,-0.18178493997383832,-0.2665445586151125,0.196314899573585,0.44889610784178097,-0.15669042329082242,-0.7393764237712792,-0.8472468981326206,-0.8495809117547636,-0.7989016333528995,-0.8638836224068911,-1.0219877727154283,0.0574669015896955,2.2686018015263425,2.1294786557299807,-0.992828760033497,-2.3973234346405214,-0.9222706626360693,-0.3359828408387987,-0.8294470336489522,-0.4711508985749262,-0.23001079710223823,-0.36814152835195607,0.007288481759465845,0.16163904447805452,0.14059146462142583,0.5391066937708768,0.5818814836389476,0.5122586326546014,0.7645443321018723,0.32263398944300115,-0.3653276833135902,-0.2950742539767146,Normal
7.105427357601002e-16,0.9999999999999998,-3.2540003516066904,5.006597677510055,8.260598029116746,-0.6714678219290497,-0.9470995797187738,-0.3394421259775932,-0.5153853306570743,-0.5811359607148937,-0.03884255512808323,-0.09068538763189507,0.06243607999837138,0.717907103944133,0.4387852870777805,-0.4102976855775543,-0.766391549748667,-0.8833271095797497,-0.9128986099734006,-0.8480885200458755,-1.0849648808430992,-0.9460388028245346,0.9786453854972617,2.9590505138364476,1.3623136823898618,-1.9305688604101667,-2.0652397255813773,-0.49027157726792914,-0.6011373038904994,-0.8320611984803393,-0.23697158165112858,-0.2761108032964107,-0.34785670373233407,0.05553460105494962,0.12934485687535027,0.2764712940387818,0.5969600142247812,0.5847450166175946,0.6698506169199719,0.622384169557939,-0.023634437145958982,-0.51669506837404,-0.6745666964016281,-0.859922811582063,-0.8333284164930741,-0.7668982241819278,-0.857135968630957,-0.7630720881446824,-0.6814697228632531,-0.7507757109497017,-0.5629758448061917,-0.35850197557605684,-0.4064862815587902,-0.13078399453637488,0.32130815670713625,-0.044989251640137215,-0.872969940972192,-1.0805826522533462,-1.0030010370893072,-1.0771154891978594,-1.0381982884405037,-1.1973661580746773,-0.6543422667226424,1.7340705558853844,2.6488023373527554,-0.3675734782734767,-2.710081765194085,-1.5682625316430854,-0.5510004748364189,-0.9139245442333715,-0.7814212360181778,-0.479954615407211,-0.4833524715206666,-0.250061735269832,-0.0662538398486416,0.0501971168828721,0.3143778442858507,0.4095892799986127,0.4892018260719819,0.5963587856996247,0.296256670511574,-0.24620493934289292,-0.6293166034920791,-0.73590232224156,-0.720011220931522,-0.8326944506189069,-0.7945084452275721,-0.5645950179267826,-0.5647937470964477,-0.4763361523825168,-0.29033777903396135,-0.4518318137011386,-0.35997791470710727,-0.011093783531754137,-0.01743583562829527,0.26039690251355474,0.5950536889795427,0.13020452717755512,-0.2961031403323893,-0.49685724063366266,-0.7126324675034896,-0.22396220716603668,-0.2498388793725547,-0.918661234353464,0.8951408275540768,3.50830951585344,2.304898510783136,-0.43547923430213853,-0.8534785108423,-0.28296343491490505,-0.03753470874121294,0.254729634791373,0.29518493887223957,0.3097583076784591,0.581526867629211,0.7108298670316963,0.8778050383670323,1.1838378647150458,1.3112477024616747,1.4057265208405019,1.5636104569746674,1.5820369503515328,1.2900900302356983,0.7263748924751593,0.33983724961988293,0.2450012106090009,0.16949931812424068,0.21711876627550414,0.3142949082696214,0.3264508900194496,0.4690928017873012,0.5388061443300816,0.49737934571312853,0.6002037975707117,0.5020406963173024,0.42072849523287115,0.7229308905849409,0.7666880613908482,0.8438413160092028,1.292683571147373,1.0363016113785293,0.4483435639946883,0.27495502909417874,-0.15525226987190713,-0.07180040310687871,0.4145839300111183,-0.4198501793913894,-0.022728614155313187,3.1258276892829153,3.6869751058129334,0.4040771652754871,-1.2840062302361765,-0.5255993085840039,-0.0842127273160189,0.06671278738830258,0.30314197596382914,0.3167391340617964,0.4649617908456295,0.6120555400996589,0.5705234641141821,0.70426699424414,0.9184466047931826,0.9881191963453151,1.0876076521198002,1.25979744223084,1.109567427467701,0.48911637866558805,0.022718686491232494,-0.13389105487299066,-0.38148167433224245,-0.38067895802658935,-0.22128567669584984,-0.41196688233062123,-0.36577486792045366,-0.16153480930001435,-0.33279344449350273,-0.19251506858103082,-0.10745064601781207,-0.5188659360108959,-0.24291591793064476,0.10506561671551551,-0.12128184088972907,0.38738870953254906,0.5262484981651723,-0.35361742642152627,-0.36465809893050793,-0.6590210992103048,-1.3248541525778639,-0.30858342419268464,-0.7724381355434422,-1.9930309482741928,2.0096650642997353,5.006597677510055,0.13960028015365847,-3.2540003516066904,-0.9309528097423443,-0.47547438818471166,-1.4593387738726766,-0.5087375377845877,-0.4321018460410318,-0.8623843629030282,-0.19504678467300843,-0.191574550876258,-0.28744587632316904,0.00732413401387749,Normal
5.240252676230739e-16,0.9999999999999999,-3.4231590393067917,5.978978735614597,9.402137774921389,0.2959112445116558,0.5779180843692814,0.34799738192702306,0.67147529490949,0.8799813814758854,0.37208717874299746,0.198988561805446,0.037053443035274976,-0.30742683852028607,0.11272511478809466,0.06815830278520633,-0.5768981471964485,0.8155629707861808,2.713623008993081,1.582006436135924,-0.5686893485149825,-0.8204729689900812,-0.266254851214392,-0.06513755607079738,0.042110043340068515,0.12442563832162935,0.21044215084570275,0.2902324581796263,0.3226581953457588,0.38170743494309783,0.4570240272473483,0.5851332938797282,0.6715963939578509,0.6988544852436537,0.803448941663751,0.5690932034061392,0.038792247547414276,-0.09944637584301798,-0.20476735288931985,-0.43111784262558556,-0.24830706018683815,-0.24191850017503227,-0.44873363913862796,-0.20569549983081467,-0.21007964916058666,-0.3661556706258819,-0.07963505988892214,-0.27260781948437496,-0.4881037506271476,-0.013898727276772799,-0.0872277605439492,-0.12873486430895778,0.4294257626303009,0.0005823796896957721,-0.45532662934422724,-0.22696344574185226,-0.8752097016837477,-0.811901020150944,-0.06854214888331876,-1.2871658319551564,-0.7112965119762786,2.9156084565583757,2.3342591127688714,-1.6005060970825216,-1.7607122024986268,-0.32814077544447845,-0.8004339920155908,-0.8324229932656627,-0.3402228295259819,-0.5469927368014545,-0.4634149701511301,-0.2080538245615328,-0.25557719776897525,-0.13992626835323224,0.02982104444522143,0.12943416869324736,0.22474021819731316,0.25856865421848907,0.19361727194446685,-0.19900375490662467,-0.5324712678982763,-0.5032287885027988,-0.677786778992755,-0.7302673685078461,-0.49028730299115386,-0.6626484784918797,-0.6211209752113205,-0.2810756117535304,-0.4616023290265527,-0.3321707838315941,-0.08116786159261076,-0.457738424230202,-0.1927673290684499,0.19936123543594483,-0.015427673705378371,0.5068763392001665,0.3835678294494869,-0.5934840290658373,0.03253451285005149,-0.09087517083210822,-1.1258847266023162,0.3541455194339596,0.07861278892468422,-1.6788888364277017,2.8226417342544274,5.978978735614597,-0.206251199769677,-3.4231590393067917,0.42532353077389556,0.7756221053219503,-0.8147678986763641,0.48626863238558904,0.5475796910136768,-0.16299118598091017,0.7014933356626875,0.6730355733144522,0.38096795524720384,1.0586906060341512,1.0160215908887964,0.9276763208300509,1.3531529253941397,1.0278391495983625,0.578591305782021,0.4708115231393451,0.13779880277719445,-0.0022695482272255194,0.09366469616527494,0.08978650837124759,0.08429334574176937,0.05875193238941569,0.17450694165396083,0.2884202311136389,0.22672801355432234,0.33269830964943486,0.2569093589046443,0.08933942718372011,0.4299714112933504,0.5441992472762409,0.5491006061337023,0.8052655806900021,0.24842852928239811,-0.06370563824342841,0.28273544560527425,-0.49857437027118734,-0.33488514037176215,0.6412544038256799,-1.057885820327216,-0.09875766573141766,5.032450316031177,3.3138290462072213,-2.8399046640433845,-1.6447388257006574,1.20107294993721,-0.5876426806482707,-0.595190559180515,0.7193582532529531,-0.273168431281947,-0.09856518820236984,0.6873641516898337,-0.02161394220575309,0.3225473674690137,0.8966067304143587,0.3420955770841208,0.6688759697795813,0.9305316945578544,0.19401910893227853,0.02893573090051106,-0.23086676074742724,-0.7675928482149007,-0.507671319078294,-0.5172754264267289,-0.8052030034645542,-0.49979351269845324,-0.5401643296075646,-0.6987172319506184,-0.41507277587860525,-0.5625594220198497,-0.7022247320215848,-0.47234476108907475,-0.6070793204049271,-0.571622188886983,-0.2783619472060151,-0.266176339063281,0.014880950803383971,-0.015468098349563702,-0.8164993903813725,-0.9458303302224316,-0.7191938652703523,-1.0319116006637767,-0.9096195297818882,-0.8126473490093548,-0.8678934181007996,0.7800401442477523,1.9954670496031475,-0.2742235231934048,-2.437239147527226,-1.4485615035318626,-0.49518870680968985,-0.9821735424649763,-0.8862032906833015,-0.5159099376001106,-0.6725657071253721,-0.5222933545455111,-0.2971727100962898,-0.2373760861630045,Normal
1.509903313490213e-16,1.0,-2.998039226200663,5.231795105213107,8.22983433141377,0.8964727630207113,0.5934348450020003,1.430322872772699,0.6148506131665998,0.044415353975982876,0.862439797726258,-0.1777943931772327,-0.28007482326929056,1.202474213578207,-0.650635412614844,-0.3159051414120805,5.231795105213107,4.323247862588291,-2.1658751184498657,-1.7352420963418627,1.379135267425908,-0.012942022615928929,-0.3882567454607035,0.920134393372559,0.21487767187649312,0.14975851349405442,0.9285987126228172,0.43085527501634774,0.5737714064285296,1.1730465269908226,0.7851196756982968,0.938161199632524,1.258138408714339,0.6586190593327984,0.3407761807811823,0.1070070089042347,-0.39465884673535423,-0.26312785320406823,-0.20029641709471277,-0.4681675356538194,-0.2518432447527635,-0.2159905253118613,-0.3850948155683626,-0.1481916224753343,-0.22391492486319534,-0.4039394488004776,-0.19109707442380683,-0.27911991740131903,-0.2996907820022013,0.01565866625225652,0.04075582645675312,0.2844281765134076,0.378851600104004,-0.44104875600300036,-0.7040607014321882,-0.3880166770225656,-0.7282338213024685,-0.6739818164955423,-0.45170017492243536,-0.6687890110254163,0.8505833346430198,2.465084323739506,0.37170667605167246,-2.109680971990666,-1.3213676896296211,-0.27113310301642324,-0.6113105159154153,-0.5988402372007344,-0.3099711163343665,-0.3112479234728584,-0.21720351874729782,-0.0710287078014708,0.06273132369382534,0.1696580782143081,0.2397777978991153,0.446497380099921,0.49421636908754446,0.2434968819670739,-0.04653290923666173,-0.4586226066160919,-0.7226475346639437,-0.6427490954794997,-0.707246818688828,-0.7346325382784967,-0.5702966499227409,-0.6638772567193675,-0.6270925894117869,-0.4184523540092919,-0.5615838622918111,-0.4986655407342873,-0.34560445379094373,-0.6595515478584817,-0.5911032103600975,-0.3140476584230697,-0.41105213886415687,-0.038209487344670834,0.12271746430350952,-0.46303535667831663,-0.4248100041481826,-0.5893695988633112,-1.154916771035886,-0.40927716006653597,-0.6023138018433527,-1.5763525675844121,1.3146317956382259,3.706487714948301,-0.02488973096838978,-2.742201584492992,-0.7499397275263986,-0.28531516982382826,-1.1415995144520155,-0.2757840217554367,-0.1840037226318939,-0.623973799992317,0.043965093503956096,0.002513571900956237,-0.2465160753895892,0.3692274688304559,0.3233234130569594,0.21586048785953554,0.7355145453001993,0.4988275246717198,0.07323769432958667,-0.0044571184277629435,-0.508317931523333,-0.5975484292981612,-0.28266067834393,-0.5621548857508593,-0.5542808766302324,-0.2746208916449882,-0.5133907002500826,-0.43082236409170943,-0.21044587765055656,-0.40654604760833274,-0.22351060798081807,-0.12584139692585106,-0.42537452466808257,-0.1902379754473785,0.0325457451675758,0.1562398548644545,0.651241818289353,0.15782428819455235,-0.6525323266597304,-0.2358441880367378,-0.3831740849810093,-0.815968977670499,-0.03618289516630295,-0.3839328723031002,-0.5037698574536368,2.5006445326658695,2.8702430881686403,-1.51527390203257,-2.605072750146537,0.022810074805384467,0.10482343554844747,-0.7365799822532576,0.02036731874274802,0.07766572500555649,-0.1646077956944307,0.36757534782608525,0.33073274089539967,0.22195414518366594,0.6419933298712157,0.6482943555040178,0.6951344289609209,0.8934127757483333,0.44240530042919657,0.06212095687494032,-0.006127026676991686,-0.3163309908831018,-0.3122543054392057,-0.18233230381191687,-0.4003959862763378,-0.19777080407542377,0.07928219148994838,-0.15672322871829378,-0.0722305619120212,0.08195191714970781,-0.11203008115989566,0.11204211311193822,0.3327819380006156,0.36256305619927515,0.7543238355114945,0.36063361846443837,-0.4144358147787652,0.0004003399056542709,-0.14261192972975953,-0.7468147899032721,0.1606322184754564,-0.17564195004821198,-0.9035595105985122,2.7225855743204916,4.51657125786929,-0.6550291853868175,-2.998039226200663,0.2840074789622117,0.46101935164524366,-0.9665192722529119,0.33457986946251383,0.34439560494898186,-0.45010208511776306,0.5843129807725338,0.4596573333814501,-0.028393396470523677,1.03925687315077,Normal
3.730349362740526e-16,1.0,-3.346758414910386,5.407153953916075,8.75391236882646,-0.5789524178880503,-0.8506009994086803,-0.22232592308482166,-0.3014049435192435,0.007609104944244696,0.3765122868708988,-0.6513517771818985,-0.9049255204242174,-0.38152327027498706,-1.0401832774014705,-0.8574906867009835,-0.21704227133628765,-1.1098669830520689,0.25986781284199184,3.118795799600035,0.7977171289583956,-3.050593532652382,-1.7597589984391797,0.15038489717293066,-0.7460829701513028,-0.7950206028650354,-0.10958440220569703,-0.4326429222058056,-0.265363805889016,0.13474213530159396,-0.10735429216345632,0.0846317351354956,0.3887244160578723,0.2941128806490524,0.5100950781069238,0.45104895600349304,-0.10683099802890153,-0.26647812602328125,-0.43311506115882464,-0.6976771811430391,-0.5175130468033198,-0.5739838041684082,-0.7100280974625672,-0.31662515174017,-0.30555249036554594,-0.5151716647671775,-0.24829838845220906,-0.31342710849794586,-0.4090908115670378,-0.027332762967273338,-0.005150236609326695,0.18963753985338616,0.45652366193481647,-0.39561624622347275,-0.6693550580668478,-0.1444907534616095,-0.8634664520081431,-0.7908043843661526,0.0794274278608623,-1.1705403064922864,-0.1233992558200709,4.089566858675495,2.3731673097734034,-2.9332319206291793,-1.9758835725328916,0.604326717992301,-0.7114498394381188,-0.8319338506791825,0.2724066267320029,-0.44718418069750054,-0.35696617253205076,0.3404653609599475,-0.1528384118541034,0.11168583019003689,0.6208044103932503,0.25113178733364216,0.5844158183454966,0.7038976953820782,-0.11612960248359712,-0.19234523389825967,-0.25833242660277855,-0.7155846941653484,-0.40447462943961676,-0.43016945138923696,-0.7618075390602816,-0.2521042536441375,-0.2436432047136922,-0.5439036281572728,-0.10797703060759117,-0.274462135391083,-0.5083118323130964,0.06261739897038365,0.06425368283975635,0.2541047598522681,0.6892713576605377,-0.33027316222937164,-0.6811303662063689,-0.006220348758122151,-0.8730462399234734,-0.8336541169552043,0.19943616068992237,-1.1555351586902198,-0.17956134608301771,4.045879646047649,2.335664800701117,-2.779843555825902,-1.8937124479370757,0.5097468743276655,-0.5461060822544325,-0.6868467401684404,0.17575930091160133,-0.2870634265790975,-0.16491278899581205,0.34220231478345103,0.09002640181571737,0.33288071563453525,0.6762861239141948,0.5139911448696994,0.7234229022722561,0.7477506704140559,0.21742052307803356,-0.06286847590998088,-0.26699237216999333,-0.46293264357202935,-0.3690867367056944,-0.37984924551069765,-0.4174538684353181,-0.28159845704148045,-0.2372077592066552,-0.18894274706256511,-0.17714063046978354,-0.2206591435468359,-0.021198211231975114,0.1393559542059139,0.21007187002526664,0.37465089556035475,0.1481799336887231,-0.244868561612773,-0.41139591854967467,-0.6002955660663215,-0.32512565791777925,-0.20481063411075964,-0.8811301955193758,0.34510973313925547,2.835978393735014,1.6997798884847382,-1.0628097628847966,-0.8559691727420541,-0.16660264740325137,-0.5775883752205249,-0.0962258172017022,0.15491956278522034,-0.20673516189289431,0.2870260197262631,0.39777584262267107,0.08635643990207068,0.6285448029798534,0.7290151336358971,0.5130287939636995,1.0515072768865608,0.9584906895490337,0.39912539855696894,0.36302424698168545,-0.08333602569495344,-0.3642890080528273,-0.007875111439807422,-0.2723956408376955,-0.3805579327929965,0.04141023964089001,-0.17540663339772053,-0.0973911457610232,0.2630279464703129,-0.16219928903215086,-0.0044691704618635515,0.46899510066263933,0.22496373515541898,0.6807952263980627,0.7091124715218889,-0.4002585753920423,0.007891350519588572,0.20058290443955795,-0.9024267085475394,0.21623887615750087,0.4818675543132962,-1.4914962529581766,1.644271362123036,5.407153953916075,0.6422946734610677,-3.346758414910386,-0.046737172109942826,1.135687773102137,-0.6166340923007463,0.34630785744145476,0.8472506873028781,0.0019880630701807683,0.7352401280227187,1.0139502082129486,0.5617822228520304,1.1653530060545916,1.2648455512411456,1.030150829507674,1.5145117636725554,1.307711824231265,0.7849807591233968,0.4416543086526191,Normal
5.151434834260726e-16,1.0,-2.8625402785089795,5.6872809269857845,8.549821205494764,-0.3191604145328319,-0.2649019075182188,-0.18145598531545906,-0.192840192229243,-0.2762715363707677,-0.0572877687890972,0.05169701784139754,0.09853928966297032,0.33540825824218373,0.16573397605835782,-0.19992646588301538,-0.32187906421764756,-0.5805824855420716,-0.44290768371813016,-0.1134184412540212,-0.7440877791468078,-0.2706280441966728,2.1420717813136987,2.1134369261962966,-0.5251624945258679,-1.0575228956703318,-0.21931437239391713,-0.47808943645026564,-0.29721545452999953,0.14655049725762273,-0.1817036229180586,0.06940043700230315,0.3959499858267671,0.05330121204322557,0.3781282104931928,0.6963269095377581,0.406621198208136,0.7837032894423015,0.9641876967476665,0.3975500982251113,0.31027449154577136,0.05200951048059896,-0.4040266449935545,-0.08819470258334675,-0.1573710375992189,-0.46420428484656123,-0.03527162110002062,-0.10246858173682441,-0.25132739086621775,0.2235166712865915,-0.0695013517442753,-0.20575104546509343,0.40307321011754244,0.19927832522358,0.37769789450969593,0.8208847326319997,-0.22202815320260455,-0.28111631252678276,0.3688299735258708,-0.7400688354331816,-0.28202076259383063,0.7668136347297201,-1.1866037184221545,0.1926909579644723,4.688190587777335,2.0970154518700217,-2.838685148625834,-0.9973231959497426,1.113186196707384,-0.27685262198864724,-0.06254268323850934,0.7325927915866108,0.1540972929633725,0.4048042187113233,0.8439003691432261,0.6121356896832444,0.8462773375322031,1.0682412166420532,1.0111090268738985,1.200347967370594,1.190805828685927,0.8615754786670955,0.49337707948138576,0.27741639974406473,0.33192994595666736,0.2573105603572092,0.18874596098589655,0.3830682667449035,0.39076266073812305,0.4500125451111293,0.5852846008192586,0.4256675811888294,0.5988858688256906,0.8081995908494773,0.7437834611880132,1.1791217417501993,0.9011129442183051,0.02740296163434586,0.5913309709016666,0.49242753450100085,-0.3953408453957234,0.8534992102533545,0.5163241652238977,-1.1571019013862143,2.7878591275822338,5.6872809269857845,0.13733982402077702,-2.8625402785089795,0.6464513739307158,0.9678035302493946,-0.5673291728921681,0.6521590073783692,0.7044472214638937,-0.015664081053162953,0.8448507125453315,0.815870462690585,0.45438678832392193,1.086938202015268,0.9763502040853594,0.8029457755229648,1.2115729239529893,0.8155436252350163,0.34188346934372893,0.3126319417424823,-0.02549021837422379,-0.07144359576869799,0.1212971014037447,-0.07675025239327077,-0.07832539523170426,0.06513670346550175,-0.04186979257936327,-0.023579669946707082,0.09204597840255092,0.14209280031705315,0.2883477550724578,0.5186868648316075,0.4501028275144819,-0.16950520346978332,-0.4463377895655281,-0.23620821848108098,-0.6695391668585338,-0.696987289817887,-0.13493769557979468,-0.9432550173565803,-0.262957239367102,2.9695592077490662,1.8458535026138967,-2.5687312811665426,-2.0188493633968223,0.321778661679184,-0.7019915963430227,-0.9680502489606277,0.014805870751626404,-0.5347025844870622,-0.5043061911581143,0.10869717577158491,-0.34272289537702294,-0.18373164413741624,0.25790721217509194,-0.09839828008524262,0.09404792391797191,0.15244001429445875,-0.5909269853634874,-0.6944746999459573,-0.737889573990325,-1.1581831276670005,-0.9206311547342041,-0.8575557109111344,-1.1582131708425663,-0.8317229725628406,-0.7696699905590177,-1.0608781782036605,-0.748204142485453,-0.6217929232793237,-0.7421061813270766,-0.3488971818232668,-0.28160855006482194,-0.762155180623336,-1.0336515298967925,-1.2511978854472665,-1.3291238546105715,-1.1264842022978971,-1.3126134751230825,-1.4842040466944881,-0.4291786949350922,1.0658022751561655,0.7050159486879216,-1.4000200520664134,-2.3091274337422587,-1.3893389364083373,-1.0097199307962834,-1.3172729648393688,-1.034919054383699,-0.8867036162395784,-1.0649534320330882,-0.8070427232977279,-0.685682796686499,-0.7259347781908678,-0.36431343072494,-0.2869507325224602,-0.40346005490453246,-0.16268942923662794,-0.46727300741687117,-1.1055906848326233,-0.8348351127075727,Normal
-1.6342482922482305e-15,1.0,-3.0711684379802833,4.639994937092743,7.711163375073026,0.4396166505144017,0.2369465207030121,0.7407645118189268,0.42075789846508777,0.410021848023221,0.9625370588745764,0.7799485118640735,1.0269889387001345,1.1810753596000523,-0.0036479681432185916,-0.07941841228068033,0.38090307365050274,-0.6133020253649261,-0.22387912148604636,0.44219749622666477,-1.0111255999454214,0.8845272823348155,4.639994937092743,1.5197120013108294,-3.0711684379802833,-1.1734511859335695,0.7504933344205708,-0.598342083141537,-0.37164308979807575,0.3652331141713439,-0.2092559356062146,0.08975395333433446,0.46407104670590626,0.10230077225671826,0.41924776477311354,0.6574791287110644,0.44953586042718,0.6732037187643916,0.45000616993240244,-0.22683160653906664,-0.37137411855620034,-0.5763094540414132,-0.8284418626711102,-0.6271160020792773,-0.6771080158230867,-0.8078647474640349,-0.5279043182107338,-0.544083503768082,-0.7031465782224486,-0.43339242685911017,-0.3039286861741672,-0.2972999652068041,0.05207873685287874,0.08883134532175714,-0.4815697429545784,-0.9172499168019482,-1.0397848689502014,-1.064131961066641,-0.9735986747086127,-1.1421650727550086,-1.2051662159865215,0.264325930361513,2.0326490168863884,0.9346598513726542,-1.7273503258067127,-2.1318147659866606,-1.0304480122203075,-0.8833278050512894,-1.0184477735816266,-0.7378246311914662,-0.6937110203671619,-0.6886433012840569,-0.5028402227111423,-0.4086625187516298,-0.2285461255638278,0.008707503903038516,0.08582768263284925,0.16528043081192625,0.1407710016261966,-0.2163661941467704,-0.6881782523905284,-0.9862448694491844,-1.0530253172840494,-1.0542221761917892,-1.0915271491647682,-1.044266763106919,-0.9497747161139733,-0.884371754271474,-0.8070965732697231,-0.7695547115177186,-0.6912276924171024,-0.5575169392938022,-0.42864621778395606,-0.1315902365223357,-0.18167910608033563,-0.9391209600629242,-1.240985513057251,-1.0110648255355292,-1.232007955448924,-1.1768021329481009,-0.9622977414625924,-1.2001605065650636,0.2216473135079869,2.2220045086779967,0.405923833927095,-2.567257246329776,-1.8706725758075653,-0.42392318744940694,-0.8569276410271134,-0.8672460750421257,-0.374911372591118,-0.499070630064487,-0.3654799780377492,-0.09016914161922392,-0.10782095254979712,0.1289053771184995,0.3404389621822349,0.33749638865941906,0.4905392244601366,0.4176193233640565,-0.022906252348701153,-0.38450343849620916,-0.565264118959472,-0.5877188237010905,-0.5782835070524773,-0.6150286116135539,-0.5527098203125764,-0.4989391753491754,-0.4307905798607895,-0.30319519723963917,-0.3837736628838853,-0.35554005213809586,-0.09459607895036211,-0.08487019334829929,0.09241207144914673,0.42950454874860816,0.10487833653524306,-0.30309912001997547,-0.4852915013394716,-0.7681596600680701,-0.36208764835439644,-0.21650644395477184,-0.9701909627718496,0.5835996092193656,3.2812987234916187,1.7867497905693668,-1.3087979195467994,-1.1084054941047619,-0.2142445609058095,-0.43789224530980453,-0.02623929246856084,0.19688140115464967,-0.08139915954416009,0.3171869281659705,0.44937661671760604,0.25194779134735584,0.6835842121748733,0.8097456735460414,0.6340747337917577,0.9953022278682457,1.055275245625665,0.6612784584090915,0.42184662746534163,0.07565051299733924,-0.08775292333444906,0.06808760210842502,-0.04106351113744699,-0.0597233867706489,0.11847115722713425,0.03551522581662239,0.11357245121673858,0.2698664889266698,0.14968628402132408,0.3191488443546087,0.5932432534430695,0.7459601921478826,1.1197722422098615,0.788181934673944,-0.04720276022754419,0.13563850260966162,0.21400052391780008,-0.2641355103897506,0.23694362349045311,0.25273681372189527,-0.043088282132317975,2.5047429637746275,4.018133855401962,0.37141004406834954,-1.9465307681917075,0.28224522471648816,1.1090664831211365,0.15442127926328988,0.817410158560276,1.256161915127531,0.8589829022721946,1.2927497624802935,1.4767343317012167,1.3533127779707481,1.844338423559907,1.8945503516466646,1.828313883585369,2.2319836767247105,1.9303020986693,1.439671537507384,1.2254821648068557,Normal
7.105427357601002e-17,0.9999999999999999,-2.746167813438645,3.338065885012031,6.084233698450676,-0.8298244777111258,-0.6853327051916162,-0.7841738929346481,-0.6815047131157084,-0.6850728490273654,-0.6234610819632689,-0.4458039193891281,-0.3849146244072337,-0.17890009403431745,-0.18262848444896201,-0.5938213896156148,-0.8207889821574527,-0.9627350658556763,-0.8464725562749239,-0.5629491155978067,-1.0581382860238386,-0.5433809723428433,1.8264008825339508,1.7388615443060325,-1.041141201258885,-1.6012489839472375,-0.6124283630408272,-0.7617343919812718,-0.5981821526159357,-0.18281695722434654,-0.4991426151251726,-0.2889596616431874,0.022730950436367643,-0.2575179401909862,0.01996069726840433,0.3039857840018301,0.048267069908707425,0.30091528612704077,0.5076407272813848,0.1459545411007929,-0.01304552826338336,-0.2567483842954947,-0.5423403710255335,-0.36240940232309554,-0.4013321764475443,-0.5398913825227165,-0.3121934077496787,-0.36379655098529196,-0.41256990793692333,-0.16934422500643492,-0.28450265715126927,-0.26465612243914377,0.06617457365615777,0.11381193650746418,0.3899614982249342,0.4230215331325866,-0.3626841237170419,-0.4322253816120675,-0.1319353009822486,-0.6180691065125398,-0.3941576684255748,-0.05360382714182895,-0.6007794596749055,0.8965947439099039,2.9638065549853496,0.8020133052489125,-1.9326670367303194,-0.726910728226014,0.5184376460655559,-0.1485098485939691,0.032891704501550684,0.566665562692016,0.3529986060811672,0.5050240532039962,0.7477509939872108,0.6962535013093503,0.9593998945403563,1.1078312715439433,1.0649334018389818,1.3072384516541027,1.2396625877329406,0.8142559757399948,0.6710195204030507,0.5700754819436522,0.48176705727012065,0.6465261772014703,0.6783625271369843,0.6685074792438238,0.8933041560925622,0.925718733041864,0.8399198603394732,1.0412129057412298,1.1957551120472407,1.2420873823245693,1.5708589235569943,1.7559472503461406,1.2933842294476352,0.8322260335773323,0.8655050740492114,0.8545818474438693,0.7825014204773119,0.9283121234645861,0.8340357566426659,1.340390826818295,3.194459276901844,3.338065885012031,0.5889298916062596,-0.5222258391446276,0.9943225204301438,1.2548331154990144,0.6400435378182415,1.1148716318182783,1.2211938088554235,0.9540255947022117,1.3585780033240498,1.3862916756065884,1.2342124757035569,1.5792044581873041,1.501872385026912,1.4111804077482721,1.6550559660115562,1.178174534624192,0.6907704810528511,0.7618450859558996,0.45288926818541336,0.3343606742765166,0.5883191305180315,0.3254141016205941,0.33865749755840596,0.6060488138989539,0.21832394851853906,0.23422220646887398,0.6088749405825833,0.4085400984602304,0.6410715914851439,0.9122505772517011,0.28928091751027,0.06286182287005797,-0.07865072898783398,-0.6119516797075922,-0.09080902204546368,-0.026609665289250614,-1.0491594550709225,0.44021938802996696,2.76970658695862,1.2998763688427275,-1.0837465139478488,-0.9273673572782237,-0.47136554279178305,-0.6504937979069126,-0.44025165713831393,-0.3586428817417657,-0.4682727862065749,-0.349119089687198,-0.307949402014843,-0.28401609437873704,-0.13477623909016023,-0.05248431590473566,-0.03673904061888753,-0.00997325338717123,0.020544400377479094,-0.21717833774175194,-0.7124326794630904,-0.9039777496285045,-0.9663457383381878,-1.174603174896096,-1.0954861089071417,-1.066801054978653,-1.231109522645681,-0.9852837766517328,-0.9513314796652668,-1.2247408111892861,-0.9222000172425813,-0.8175704226251003,-0.9984356636071363,-0.5912381469849431,-0.7059303659079437,-1.2409748914282879,-1.1340516500941642,-1.5761130792662161,-1.776628688201411,-0.9248923516194082,-1.7696785410073481,-2.1470901474279565,1.1507987324265954,1.988979673906631,-1.7565856494425647,-2.746167813438645,-1.0760788578716223,-1.4734201389734076,-1.8035347262016337,-1.0392235398426501,-1.2956976321037077,-1.3785912400506162,-0.8593530258439377,-1.0014280208894335,-0.9621009077676808,-0.6386398092670973,-0.7571183305807121,-0.6541886379217172,-0.44347420234789,-0.6432574090455205,-0.9275757068639892,-1.265910646957433,-1.2961235016136259,Normal
3.552713678800501e-16,1.0,-3.235225172654466,4.983544018952946,8.218769191607413,0.5635277542729838,0.4791863113491975,0.6118731021857399,0.5511114984161435,0.5537354648891416,0.4740913051020576,0.4702870568051393,0.6321010223944804,0.6558817591598249,0.7898019911537567,0.8187105136467845,0.43608165794883036,0.22743941806495205,0.022940332322613118,-0.14714706104025344,0.24407588973530991,-0.03042547986403298,-0.47578447512178024,1.1858838280040571,2.4228384798815656,0.6147028015937963,-0.8244663682297508,-0.2819195652950552,-0.1477075852674587,-0.31798379824759526,-0.017630618502950973,-0.07169293656962637,-0.16587630208300455,0.02526115365828436,-0.014622908435209222,0.004836798929017167,0.19581128872503548,0.18773202909486478,0.18222577424939737,0.27407046313963096,0.2128060242933761,-0.06323533663218206,-0.371831429027597,-0.4957473325903965,-0.5801320672052122,-0.6715213711243695,-0.6089076645659093,-0.6507645308535995,-0.6882850832463951,-0.4982083965890759,-0.5853318917141033,-0.6896036552216152,-0.4247307286508397,-0.4654482082971077,-0.48298054162448983,-0.18097588454096994,-0.4629691824512733,-0.742000560273744,-0.6866713230317815,-1.1493539932949528,-0.9698034938949864,-0.49767346220564074,-1.4860454025683587,-0.9044034206924333,1.7993525052361636,1.0945455519970448,-1.783394599628369,-1.5273317582892763,-0.5154692567920645,-1.1317331452334372,-1.002469369899077,-0.5518008268188387,-0.8824466351107476,-0.7165433794250075,-0.42731166190040953,-0.5908736331488083,-0.42821281648976633,-0.2759813578110312,-0.3680899268168579,-0.20970592089466825,-0.13596705121836763,-0.33730161104081646,-0.5599063464178521,-0.7891638932760985,-0.8956910768466196,-0.9157931415217483,-0.9512592105695216,-0.9112323722044443,-0.8886070843169339,-0.8266491039307042,-0.7591889301467232,-0.8334692606371635,-0.7165921626273999,-0.574662929424116,-0.5797999810802918,-0.3084136477624689,-0.49778360689030376,-1.0903457099158913,-0.784181401175319,-0.8546425768716316,-1.421152288073417,-0.5524843983363814,-0.7451571544838747,-1.9355852029705063,0.8314620243424193,2.984958104576877,-1.0455051888380116,-3.235225172654466,-0.42898443459533425,-0.15204137826121816,-1.4014067691072571,-0.35495482665126443,-0.3246601819469582,-0.9592016541353251,-0.1317646603937864,-0.20523601821992943,-0.6022678012774169,0.0744120504839679,-0.07013656915831747,-0.26673342410515094,0.29815034360315235,-0.12564630915116762,-0.553067358049513,-0.27201883638937097,-0.6674285810079814,-0.7490515371032251,-0.31077069255839784,-0.6324864862908315,-0.6038426047662377,-0.27083500908330294,-0.6476038544927947,-0.42443257618157004,0.0020661359731439784,-0.3093844990294828,0.02487304226298381,0.1433636609232049,-0.6129780232945861,-0.2774027982311442,-0.2207585167930965,-1.0845763113304676,-0.19686362946362942,-0.05258381578411208,-1.5805704053912597,0.8478032347810373,3.813861660827551,0.376274766326475,-2.6778094370159597,-0.4223071193399834,0.386472538790726,-0.8553449289232196,-0.10072526061619645,0.22324395891684948,-0.4163794405497659,0.18169685904351726,0.3007904606297915,-0.08875078468584435,0.5053107300836589,0.5241739203029875,0.23485422402349898,0.7286803921488105,0.479389235823313,0.008197603619653649,0.273728631222411,-0.05944993331634606,-0.2767332469083267,0.17375472329992964,-0.09968131803825916,-0.12717677487114323,0.38951722145511536,0.05516773653335966,0.13915608878708396,0.7354264800457893,0.4718418154265807,0.7280164954384561,1.0033595312795343,0.13287648946043706,0.3774046076966761,0.7301724823906501,-0.24698678733569512,0.5309643170398719,1.1106161093308455,-0.5384654532475083,1.50572542643473,4.983544018952946,1.9481168199761767,-1.5775753561117738,0.4808705697708549,1.6973377045574538,0.5134463696140242,1.0015029240935216,1.4968422634121064,1.0514959530278758,1.433471650569614,1.676458606631307,1.5231305322806044,1.8695719687393124,1.9793812940114774,1.9054361339497485,2.1154621425271096,2.049946390121342,1.7699246107468414,1.5525247238537376,1.4672600030954912,1.577210471243182,1.234472222898397,Normal
3.1974423109204507e-16,0.9999999999999999,-2.1018601176052187,4.769118942740189,6.870979060345407,-0.5571139396140513,-0.5153022698313985,-0.822404411844398,-0.6543813812391092,-0.5394307655396275,-0.7400863225976085,-0.5602463567557716,-0.5379101311131506,-0.7065408169472135,-0.3699941931919346,-0.2909330515804903,-0.3872948811620247,-0.049818928562186615,-0.3333279376416871,-0.6858562245992428,-0.28023616510993904,-0.7000664602438529,-0.9607797666061612,-0.0532232020012739,-0.8048052250614868,-1.2087708021396566,1.8656569697970893,2.4091636144797746,-1.4001998310838337,-1.9875651244670614,0.1349855547025178,-0.33993622838483806,-0.8480485225828537,0.028662425192051158,-0.27069410314468967,-0.44841677984285666,0.13339450492714816,-0.13826145431736833,-0.13435850916211886,0.3405219499390307,0.07593285100570803,0.13584999454355454,0.4284074502051211,-0.018344849065451706,-0.11792991914130704,-0.013789935569856268,-0.3926863013063235,-0.27192346749321883,-0.08640598551560018,-0.36418001725702615,-0.10801772820275155,0.06342679807868044,-0.20650684321299465,0.1419960158180093,0.3565920383827027,0.21137206225906133,0.5807393798749582,0.36389526574685965,-0.1280217491897764,0.33944520237821224,0.09110520857107804,-0.3309549243118784,0.6413742871737155,0.20147142998596382,-0.48100563886368125,2.438969828586087,3.6017360297397514,-0.15865481892690653,-1.3008483339105428,1.0271112825126638,0.8666594591906011,0.08669528355837677,1.007738630895259,0.9121643750536854,0.5934163688103817,1.2487424963010445,1.1146012280723965,1.016082359520707,1.571207089506734,1.3557893826525724,1.3146983531521381,1.742420785903289,1.324842347388015,1.0760286397980503,1.257983476468246,0.8929417585190851,0.949030287301093,1.2380876785461241,0.8991329339567649,1.0635437936043575,1.324551983105799,0.9750878722971308,1.2668690485408534,1.544233986263024,1.2744981622722458,1.6619416112057825,1.4966427082137215,0.7321423378025347,1.2262807197011572,1.1231617956907498,0.3768367125844878,1.3614113859813628,1.103688857399931,-0.12436759647346675,2.7347494247387782,4.769118942740189,0.9597489982659226,-1.1003962309094186,1.1106698765644054,1.2650088316315995,0.27140701907752374,1.0134681178727045,1.0467304843633238,0.5714016372316573,1.014944290683678,0.9803027434322955,0.7653755335398741,1.1061717595043026,1.0367331491651577,0.9297394769836689,1.111280187733853,0.7962254378193017,0.43612952104079244,0.39197548717543984,0.20124246801913218,0.10878388635048461,0.13908590291059408,0.02889847674337075,0.0666780101013987,0.11227473471110028,-0.04169882073824793,-0.025916301833846005,0.07398514232939842,0.008681362883857327,0.06880465953119903,0.2782814652452002,0.16804323453326406,-0.27302974189084006,-0.43806602462879535,-0.34413264320129433,-0.5067195193517973,-0.5552367054672013,-0.4440743015592216,-0.6516888652811795,-0.02692695700359023,1.288901847281076,0.49231110451140503,-1.4806776402098196,-1.2727039356682817,-0.3378924901085148,-0.7247986944305094,-0.8241147161133179,-0.45235052709635126,-0.6570085477137848,-0.6406607935755364,-0.39414391670807836,-0.5328595610833098,-0.4687810769276,-0.32011473631247755,-0.4526339295540685,-0.3892591415860037,-0.4204032064315585,-0.7972267382456392,-0.9367449958859375,-0.9704739153586868,-1.109616921245747,-1.0665973415795589,-1.0518415083128592,-1.1096058203020571,-1.0196657438427705,-1.0247832092515408,-1.0728545781382777,-1.016968586135526,-1.0756812472703112,-1.0714944454472135,-0.9532932005292382,-0.9318444202771785,-0.7510423916665996,-0.7049621408967869,-1.1731658643479486,-1.3470547234686019,-1.1834664343585608,-1.381719359335151,-1.3766999097806663,-1.1998652543414443,-1.3953359887756644,-0.6837350048802492,0.5684192121900026,-0.3013507112218584,-2.1018601176052187,-1.8641043410798395,-1.002122956257662,-1.2490426610715828,-1.2979697544855655,-0.986465768765914,-1.1093215046394453,-1.0425288148437202,-0.8043854241625735,-0.8938977847434977,-0.8198180817496934,-0.6640795446233041,-0.7216504207421246,-0.6184459706816399,-0.636621619928962,-0.8012003395932017,Normal
2.486899575160351e-16,1.0,-3.0961223043359793,4.415197691821949,7.511319996157928,-1.0584635833502456,-1.1395150729601755,-0.7048514702145984,-0.5240498836555687,-1.0220370284684848,-1.5866603290460914,-1.4653796810949127,-1.5191327462288753,-1.7582163953088834,-1.4616418584073336,-1.5952423985913164,-1.3323887892774096,0.7973120114550728,1.2141799231208241,-1.801050587157709,-3.0961223043359793,-1.4836052444859529,-1.1473924760093042,-1.7025016423575565,-1.1984476579244756,-1.0909446874366846,-1.3042180844274593,-0.8464503169852821,-0.7866183610413321,-0.9193357970255809,-0.5538993442111271,-0.5581196969578149,-0.5955572273485286,-0.3119505873750397,-0.6790591279224658,-1.1323990344447594,-1.1158847719393554,-1.3927338475424431,-1.455808818232579,-1.137803430572543,-1.2652491774332661,-1.2112798340701625,-0.9349697056524642,-1.1345837739410227,-1.0012649635348396,-0.7662229122996114,-1.1047046343238411,-0.9043450778526424,-0.5726851290842799,-0.8531711110936743,-0.47192498142633643,-0.1292547578094099,-0.7212493375045453,-0.7610968832231376,-0.8486173190331099,-1.3694576104360372,-0.6887053242713915,-0.6825826829616317,-1.6522249460023812,0.38782283421602975,2.718323106976369,0.5143512609211802,-1.9003332932053547,-1.1478909363607672,-0.5866418505221548,-0.823444072418891,-0.43380201419558423,-0.3320008606962977,-0.42721440007607636,-0.11602889369097806,-0.0166798236019246,0.010855350055316806,0.2519662353124683,0.34968461615966534,0.38316896758066116,0.483402991737265,0.5311553577657472,0.379122067295457,0.002961927075016251,-0.22007369698291226,-0.2548181150938763,-0.3228633041964051,-0.24544801162348406,-0.17640044245069353,-0.16591415521820496,0.02024190889900195,-0.04059155887146199,-0.13784164286206957,0.1417409672635881,0.008955645077600773,-0.17983032332587487,0.22658076946526895,0.29723676259365034,0.43974844353363246,0.7957981342491816,0.04830574174887786,-0.2533331492608744,0.32572147014366687,-0.4471689566422878,-0.44493919721656056,0.6335749757428126,-0.7281352671052636,-0.036682799657783864,4.415197691821949,2.9680038537820197,-2.5797012229067575,-1.6399382698300649,1.1835420992978163,-0.13742669618329728,-0.33171032136144807,0.7918283217426652,0.09307615173258103,0.194623092173828,0.8855549667286767,0.4040200865023445,0.66467423214754,1.1137724698447187,0.6729703863944538,0.9505739531173213,1.1925777361032048,0.5556378857811417,0.3848816413764568,0.28138990513497186,-0.015200808813598513,0.24479389527172804,0.22232306374405772,-0.012653455891892061,0.3025330163218396,0.3103554191860499,0.1653651956762719,0.45125878424968435,0.4104713524070847,0.32227166691381387,0.5817131399459006,0.668051421253638,0.9345559175989174,1.0201442291027485,0.2948294611229537,0.043535848049502286,0.31555231052718763,0.07095754786416913,0.10894726081300014,0.2746756968414541,0.16614278721242015,1.5136220704405632,2.922259716268375,1.2091920169215684,-0.9871150436107763,-0.4039582770217009,0.5713128835387628,0.2607981544511698,0.2387045971062936,0.5831394193745641,0.5593594777862321,0.6310888654566064,0.8093955678487345,0.8343442569875573,0.9846993528210962,1.127126934339088,1.1150862156330126,1.1959422312127561,1.1096688622546087,0.7004663165249035,0.4294990887371922,0.31295987069038994,0.19501529043265603,0.2486758353421103,0.2926066698945303,0.24350124301597043,0.33658971212684813,0.3668060235724159,0.322794215601669,0.42999029903549124,0.40496152508928795,0.3362247122892821,0.48792932690603824,0.6209217215524525,0.9067798572960863,1.0314239104931167,0.34847008669508867,0.01501924400482773,0.34119881241116273,0.0073397850911142105,-0.030406424321429485,0.4391413826408538,-0.16214453943298035,0.675181999135329,3.4928467820246363,2.4684314851057008,-1.31294420752346,-1.0725578248924394,0.8184781005763652,0.1450439717764719,-0.10257858675219272,0.6764464950618733,0.3343485704751488,0.3424624013945766,0.8784394409100031,0.5878092539190338,0.7110315112757344,1.1750579700752872,0.8696709233333298,1.0033021028056721,1.2963394330373907,0.19552493914602057,Normal
-3.1974423109204507e-16,1.0,-3.0693606205695314,5.2688973971015685,8.3382580176711,-0.0018431498730270164,0.29056884377977926,-0.3099521607324211,0.09315957740434103,0.3608898224543066,0.18163343561582257,0.8108642859620988,0.35442099281020095,-0.6164980887074213,-0.012185752524372232,-0.1560478406552558,-0.7497265288312531,0.11955753806206325,-0.29765828574657105,-0.5478869107134897,2.553903012986215,3.167805946170341,-0.8111163154904907,-1.9967320800088357,-0.017150361791946293,0.05797136542515415,-0.5056177669633262,0.01950220494292952,0.08047734412546981,-0.03508775182547883,0.2761710104632535,0.3211539713164477,0.34108428128484347,0.5726317878371355,0.6494271821413291,0.6811100726221807,0.676891798822593,0.43846635559320707,0.08536418486966885,-0.18567260264855065,-0.2644335144582493,-0.2728205354584623,-0.2923310698141027,-0.177897202203906,-0.11263105416083123,-0.1673451568606421,-0.10143670634038737,-0.14005009015753472,-0.22104793640033135,-0.019523112545077388,0.009884027018913772,0.014878902955784652,0.4560371328057235,0.4401119296549751,-0.09236644044343303,-0.30535887847226,-0.5825483811113241,-0.5343066562322574,-0.06380838548163426,-0.7519784396295306,-0.6275574903924921,2.1609818828028624,2.6620517977325227,-0.4201957238627182,-1.2929589179393568,-0.19252133051179166,-0.59159421073719,-0.5609834263196848,0.14873703203509636,-0.26126312846996985,-0.1823532522995987,0.3050697088967155,-0.06386947339129737,0.20779554553656424,0.6442086719742456,0.22222269713120463,0.5070937784725201,0.8376573098670579,0.2825918755935786,0.2502383374169571,0.079888355192136,-0.5477043165843951,-0.2652927128504049,-0.21636897756513251,-0.5786451026822291,-0.10920352446451354,-0.19325478015641878,-0.549020830092423,0.03626315529875609,-0.16337883915207488,-0.5000237762739064,0.19623198254031235,0.018671722932629285,0.003979102511257784,0.723506768294178,-0.24872320800554712,-0.7126141865184418,0.1075569752370267,-0.9061612874068738,-0.8244738114344758,0.5441957890928237,-1.333173347099532,-0.663390281431348,4.3833699345992425,2.720791842247878,-3.0693606205695314,-1.9626149415879388,0.7092120423962357,-0.6210162890534877,-0.7296348598171107,0.26999079365284606,-0.2796170235951599,-0.194472479146901,0.3047298382820335,0.0391382124268115,0.21805320519152047,0.4826035649334992,0.3534500675649151,0.5259416106192257,0.6051570173405108,0.2896080895794973,-0.07162818594855544,-0.29522580900072476,-0.2721995118705173,-0.2963483070143457,-0.31984321985559805,-0.19681446610265052,-0.32727587783131584,-0.2761052029438793,-0.040576317627260376,-0.3429625388242409,-0.2874505688196803,0.09062947735193526,-0.1613934372230502,0.14076500358928995,0.506740797817715,-0.23694122685155303,-0.247660147908265,-0.2312986383561744,-1.0977471165724872,-0.2048617854017887,-0.006765638629625306,-1.7260193423139254,1.265664809063798,5.2688973971015685,1.3484409138010534,-2.8398733684184236,-0.6865150897065511,0.21917189983088775,-1.1347120791113898,-0.2629499997682563,0.10389862180734427,-0.5991752387704602,0.023573792503885155,0.18666211184425957,-0.23183842491934825,0.24985361310764065,0.3453929825521283,0.11460442433214248,0.473620985553756,0.46353939676078737,0.03539729815447229,-0.18787200197781842,-0.36788975303862914,-0.45261430808796205,-0.4426002792024384,-0.41072815339447766,-0.34889168206111965,-0.3527956394909313,-0.24918680346769995,-0.2559403731876296,-0.3861744837937442,-0.07773803558394218,0.05855165086699587,-0.02657980552672692,0.3888059208638871,0.1464964718639793,-0.4121995762613318,-0.10206024323999395,-0.6734527672896058,-0.9631081851556718,0.2852775636454856,-0.9832255766625738,-1.479906853404098,3.7480481858936847,4.666957577112325,-1.8409613849857913,-2.82381132647366,0.7147488286124839,-0.3887389922108574,-1.256601789716292,0.37334409889851544,-0.32351598598160836,-0.6470293194216837,0.48891364196832526,-0.09556177913979921,-0.13097348191086602,0.7282396467893993,0.15412536005296834,0.23850225527878008,0.854291914605689,0.17636314538190465,-0.003128957425475902,0.03625096565401075,-0.508756083601753,Normal
-2.1316282072803005e-16,1.0,-3.1440213971819495,4.009474178067955,7.153495575249904,-0.669410556731117,-0.6733220124804334,-0.7215638283030129,-0.5864731090241995,-0.3819947116967777,-0.48505649897274705,-0.203799168762069,-0.19181714773839784,-0.7578387854095167,-0.5656601032650148,-0.7843881003828099,-1.357518900769891,-0.3561306670391883,-0.7873458292268981,-2.0184305071716464,1.5193303344740932,3.9025295873558896,-0.7704431401032674,-3.1440213971819495,-0.3245695453744791,-0.32590493281243366,-1.538888877656424,-0.39300445335983525,-0.45932186481167875,-1.0374031954595668,-0.22745441523006868,-0.34442778749320174,-0.6242167838215834,0.006231711860030724,-0.16512103777347445,-0.32039759863912365,0.14314385173217495,-0.12196903667236776,-0.4363521076089522,-0.42525738803206004,-0.7710445469796698,-0.791422225662404,-0.5992906845532858,-0.7753060855379639,-0.7163451443408122,-0.5624429866407509,-0.6306411169020083,-0.5853854818079774,-0.5926043949198233,-0.5629032089222615,-0.38176984315858026,-0.34861486939499153,-0.20247557435550695,-0.1417620349585843,-0.49925333759125595,-0.7303751977649825,-0.9147477345243179,-0.9049841728029713,-0.5684500100862505,-1.1003514028501615,-0.9202256123568852,1.5510916949739795,1.8766652248365758,-0.9542866738379672,-1.5211958376205599,-0.40257373906782895,-0.9128272656791706,-0.9449894458013474,-0.3078951664223823,-0.7424067151626189,-0.6308922260833506,-0.13488958241893698,-0.5074962138740682,-0.319955948063375,0.0607689242459791,-0.28526000988459027,-0.06705764162193573,0.18456001426612093,-0.2392886122304262,-0.2694622811289154,-0.44462588232468786,-0.8979904114395231,-0.64226977138352,-0.6173229543716467,-0.8624754025586403,-0.4983132452779228,-0.5743345715783014,-0.8072021399812136,-0.3869017116085153,-0.5685572563129931,-0.8066448924601508,-0.27860866407394214,-0.33157378283921307,-0.30352835445631254,0.12433322613117286,-0.6185440892775974,-0.8969246557481447,-0.2774809057766291,-1.0528840307438754,-1.043748477409566,0.007801891104275215,-1.3741761387243814,-0.8884889149205941,3.339673022109514,2.42120783674995,-2.5079751363487675,-1.94794199749398,0.4349919544449457,-0.7045608139232384,-0.8484378601066914,0.17493872017625897,-0.4683689379755178,-0.3633140284661256,0.302901553909261,-0.1924885326581345,0.052628248874618214,0.5355531944600674,0.07213118432101304,0.35331361745438933,0.6294904266871949,-0.011574432242787683,0.022956454475691813,0.05522196567056651,-0.3866859654347897,-0.00534807026284896,0.11688300140147131,-0.21841677918971683,0.26871967818964365,0.3198227345207203,0.005152014438732312,0.5140628876928499,0.3956583793344918,0.07600610247192512,0.723865253674512,0.6285645429456529,0.44237724721133925,1.1943835289960008,0.8737212875303529,0.44427910843415924,0.9002915468872267,0.2369426942303082,0.21932446361248856,1.2582899617831202,0.05256903322277361,0.26658838401932555,4.009474178067955,3.7517533408898047,-0.22348101819130553,-0.32291901835265163,1.2751073279593135,0.6456987130404577,0.546743050297605,1.1818298152983713,0.8997809477640671,0.9367512143409014,1.2918479302595198,1.1621593903832328,1.2345936724660809,1.4670577841193595,1.4704164445173606,1.5332178749621093,1.6088684202643193,1.5018890252090937,1.216970308768655,0.9522468597093691,0.8865987054536812,0.822051842961135,0.812087418919641,0.9015612011098931,0.81115816879924,0.8182952513516494,0.8952616257347871,0.6758885085845219,0.6791278874335375,0.7816471107898003,0.553164718257876,0.6651064864398524,0.8236842975673797,0.7257099345286655,1.0646900858482722,0.8171192100357603,0.003884502055711487,0.3296377431818754,0.31600017736019204,-0.36084005723165385,0.34644539852601136,0.1834992473940364,-0.7129686190867822,1.7688093743476903,3.2348531415945585,-0.4747179768221902,-2.3368260359944437,-0.1974521524802703,0.11570532081405605,-0.7631640151478589,-0.25389108661903403,-0.15606913546166223,-0.47169818761455057,-0.26757740363007254,-0.2378281995866526,-0.25207453372309757,-0.1942587129141051,-0.21018792096089803,-0.10300491368146066,-0.32031583943653275,Normal
-2.1316282072803005e-16,1.0,-2.6588940504208805,3.712602147518435,6.371496197939315,0.6358443096585102,0.5476396341861456,0.8695363549178133,0.8514534128947062,0.8300716994175503,1.2481627403090965,1.047675897095031,0.793282044635512,0.9878908728306264,0.5464817366610553,0.6465148027257325,1.2839021594595634,0.35985204827606854,0.7890827633366608,3.712602147518435,3.2097055639135763,-0.007928379912781199,0.17346228338261155,1.4924188100974551,0.7903636389149248,0.8014959246047372,1.40780448898538,1.0144220681786598,1.1119707709774724,1.4922604594873663,1.2256757064952655,1.3590787082008213,1.6315473416722288,1.470257377078199,1.608233426640483,1.7310116073434108,1.470012613243907,1.3420940770113796,1.18024567811496,0.9787317076012807,1.0612494929444833,1.0687887989648754,0.9888560038445807,1.0705245982570164,1.0585610376795647,0.9762171717131299,0.9745272712223252,0.9285907347470236,0.8873577956695956,0.8969141946262781,0.9005859769718074,0.9331408667552937,1.069771129817916,1.195188877079168,0.8879339647848652,0.4704816467358224,0.5942474120029966,0.5115358433204342,0.20303537287235401,0.597485903131254,0.3920861062774301,-0.031196171675058327,1.8970981998413996,2.8520232105804864,-0.18837418210489668,-1.599232127078852,0.37501118449042103,0.4877382234208535,-0.43855155309854443,0.28788962291071557,0.2931221183250562,-0.22013600432306837,0.29791116968041165,0.21657901920970996,-0.057270348988483086,0.4024656478135544,0.20380675109376092,0.024601969742675853,0.4164701379556551,-0.008986897458282383,-0.3894376236677159,-0.20437017123759657,-0.584654080825908,-0.661239111278112,-0.34742029670497687,-0.6859445751102853,-0.6234559775086161,-0.3253072174155051,-0.7418493113649687,-0.6474484275685529,-0.4155754451524975,-0.8921960519681423,-0.7116021221977898,-0.4555348475905469,-0.8370447967711083,-0.4506475068975136,-0.300201110857975,-0.9611899058554052,-0.7579991162606491,-0.9085724138991341,-1.5273126585922114,-0.7145252696126875,-0.9697631889212723,-1.9935708365923033,0.5281936927400123,2.3408792033569674,-0.8525525746244039,-2.6511656171349682,-0.9214179117794665,-0.829277511842055,-1.5828857195862935,-0.9320461120076933,-0.8953398441613164,-1.241748371673415,-0.8508231159591211,-0.8571437687677901,-0.9945779106781456,-0.6924547849761771,-0.7354590365416597,-0.824140126630715,-0.58538324376018,-0.618735988800817,-0.8467575691824011,-1.0023923540854285,-1.171727663030284,-1.2106056445176012,-1.1622673624692454,-1.1741042124972454,-1.1770360398778192,-1.1626217606478046,-1.1266498222584214,-1.1138363079458,-1.1170751795566152,-1.04805483592737,-1.0772408410788652,-1.1311714968394526,-1.0011666129136112,-0.9019572668899772,-0.75251509252313,-0.6941931030690033,-1.126452010410248,-1.2210614176855863,-0.9810650689549838,-1.393346464786965,-1.270723393303942,-0.7719095883940718,-1.5858391118020045,-0.8136839379832796,1.9722922935831937,0.7970220001192359,-2.6588940504208805,-1.880330498729037,-0.19368616744563608,-1.169121183336201,-1.1478883232584896,-0.36408690202367505,-0.9072285231608198,-0.7329445695177385,-0.21428290298541394,-0.6261277829759072,-0.3526945071794631,0.019240278314205262,-0.36151053756939605,-0.06738275375636987,0.14374693218445903,-0.3731091791948153,-0.3192215575222094,-0.3433916530897001,-0.7080480500746804,-0.3929842166235449,-0.31187700868043233,-0.5215227740053314,-0.1400830338470834,-0.1686635371793046,-0.3751236632132429,0.005137596176206629,-0.15692924715952533,-0.3464576772717611,0.14032385939946693,-0.004293231256083722,-0.09247962366397237,0.5358496704192419,0.34977339227906934,-0.015002792796402827,0.13748089851262577,-0.2739754836771169,-0.20345987336666832,0.32036407205636447,-0.4102276113882803,-0.15529452026779378,1.882002283187861,1.813390931718625,-0.050575512002721465,-0.39200524882479587,0.04649478724990747,0.0003232865224930154,0.060280527235041154,0.1705624373886118,0.2211838340221485,0.2859145757833538,0.2813465639394779,0.423192541328596,0.4962835316040893,0.47656879886731807,0.6796174051731558,Normal
-9.947598300641404e-16,1.0,-4.1359694553982465,3.6312304877593804,7.767199943157626,-1.5834827130270313,-1.5222896126940217,-1.1421764826664227,-1.0205870445111027,-1.2928528329818967,-1.7687058011054049,-1.585917396678672,-1.626234231101741,-2.1149502535603153,-1.4049534944401265,-1.502931508705065,-2.3965915024521287,0.6147970237173341,2.9978832468984327,-1.344021974784074,-4.1359694553982465,-1.2252843442511352,-0.6725551413131681,-2.0958172487805826,-1.0037676361852161,-0.7709108877749021,-1.4781182469051228,-0.6072013776718582,-0.5491536784775732,-0.9517699345063908,-0.1630716378398564,-0.2397898771694546,-0.523157575636246,0.14656134042196464,-0.15013897541330365,-0.65122798133696,-0.4028234907833861,-0.806890645803476,-0.9371663072543741,-0.4369835444348806,-0.6744833203907595,-0.5930498707458364,-0.14716600879043423,-0.49070284195896385,-0.3624170631528823,-0.026049094049980317,-0.49428389559543856,-0.2524288454318722,0.17965646799893253,-0.23257307948911757,0.19850190538237913,0.7526815315224568,0.1504346577929703,0.019054382214434038,-0.045742354954517075,-0.5467199584299328,0.07560184465620205,0.10055104233122808,-0.8539562963068605,0.9125749623854903,3.139864434792555,1.4075883908827036,-0.7420160419509579,-0.2693824736026513,0.1132653548527071,-0.15227251481303772,0.15807773453585522,0.2874245424935166,0.1996967138846847,0.41029532438483673,0.4697113852614733,0.4952290289625304,0.7180622812652264,0.7754192287659044,0.7774312018467834,0.9151584613266984,0.9626359846426088,0.8149940201160107,0.5258928118891412,0.2701999759790721,0.16890358625338525,0.10054847070453843,0.06878449105090362,0.12483536394125794,0.17588894726663756,0.2117872341860077,0.22246714510308918,0.21405547412007106,0.20892236894681157,0.14476490767164532,0.16240837601541902,0.2799387974784538,0.3619512222255952,0.6397713125918122,0.7022485690279027,0.07427126782215195,-0.1424537983019526,0.11805788823269057,-0.26598176007546676,-0.2392887709752691,0.19903813426062952,-0.403947915458942,0.49805544889379283,3.078846427768968,1.7190873819224417,-1.8538655532418373,-1.149378581274222,0.7302286860949498,-0.1215302134987497,-0.22189906650586827,0.6173165544692113,0.14359662156077974,0.22673144989085756,0.8503578778165718,0.5276162414075612,0.6809490096705134,1.0895769326381877,0.7756392880540106,0.9988864985267505,1.2247665935879615,0.6525587762500622,0.5426237103005509,0.513775595301952,0.1765281911778617,0.46391554090636294,0.5414819291369453,0.30169729442820253,0.731892468466944,0.7497187309972063,0.43252712841415625,0.8282687370851698,0.740929092309687,0.44483243750179186,0.9523770542069098,0.9089678192400757,0.7712034345696546,1.417859286399688,1.2084770479983253,0.7583728101089428,0.958476020019178,0.37554556085507834,0.3351956496958068,1.1065859324005891,0.09151929457352191,0.25972457453094244,3.495682541158538,3.6312304877593804,0.22072671188186113,-0.5296481927875829,0.5716444271898662,0.351375810839667,0.3264184959224286,0.7444060994134276,0.5470052744568312,0.5467755993677653,0.74920031442549,0.6470065308138112,0.7149876633706068,0.8798123275626935,0.8415594296042144,0.836209389479759,0.9017679526775173,0.8358762574863378,0.511688586927549,0.14513874774795674,-0.013095466465768339,-0.13742147651855097,-0.19092557714277586,-0.10685228485298917,-0.14866492942615073,-0.14660039907314976,-0.0896608403225174,-0.25421019860322025,-0.2661127743543678,-0.19441240458282774,-0.3700823635345986,-0.3093132741284715,-0.16006744393411604,-0.11707059474220924,0.1792703242790802,-0.13545573442887499,-0.8955656187039379,-0.7263419548179011,-0.7688064388454333,-1.2355031059231414,-0.6591346394060584,-0.7634726164968317,-1.1580317825461388,1.0937241092469334,1.9840588202766125,-1.3999907395331206,-2.889688554623732,-1.0153022783553691,-0.7358505748983479,-1.410747194533149,-0.9590221902817548,-0.8629470506448071,-1.0486598271611935,-0.8390286002198034,-0.7902622296978836,-0.7223226124253417,-0.6618850210905006,-0.6256597457501355,-0.40228077857512123,-0.8209842051022624,Normal
3.1974423109204507e-16,1.0,-3.1245659358282296,4.882460495575041,8.00702643140327,0.1690846171050372,0.05852498926775956,0.24535278270143934,0.2984717286397604,0.5247830525397659,0.5195247686931334,-0.1337855728111535,-0.3801295157595913,-0.22803562100446817,-0.5765577150200815,-0.4797108238643117,-0.13782790757909952,-0.6465116959933556,0.32851713711182284,2.4502434027503113,0.8461159631262085,-2.3099585136608574,-1.483088256624248,0.0788936236221934,-0.7984339320647408,-0.8310687241264026,-0.13870318573915655,-0.6387108572514487,-0.5422355233624779,-0.0915101214211138,-0.46833736123400593,-0.24251423921085372,0.06987785465954513,-0.3104795622726666,-0.043060688923033746,0.05038269882735254,-0.6405840092588448,-0.6958665230748744,-0.8089186120829683,-1.2379417422692027,-0.8918012132637078,-0.9265932972940629,-1.2786423324587395,-0.780811676009768,-0.8592133046018713,-1.2335516084150202,-0.7224665634742062,-0.92296598171599,-1.2802087239256885,-0.6485008234138271,-0.7712339267585536,-0.8752693439151875,-0.21471373638636934,-0.8098202808438637,-1.2075451042634249,-0.7166452652799317,-1.5682880020237877,-1.4328446232296763,-0.3301812665191538,-1.8866946879593007,-1.3421681664117897,2.9338537756611927,2.0525924613157844,-2.457571688312685,-2.0303746125585413,-0.23694145576671222,-1.1998436471147935,-1.2524916069795404,-0.5214345217458398,-0.8703813658042497,-0.7679539233306395,-0.42576832295668243,-0.5984951906666246,-0.40510011726153855,-0.1563332332510112,-0.2207918198642735,-0.10728691880722932,0.0053360404578714,-0.12512558139316826,-0.41483622240862705,-0.6602393638943883,-0.7087989092262578,-0.792953659946918,-0.7748332358855948,-0.620915535632225,-0.7224737641031178,-0.6554013234524988,-0.46021173620803685,-0.6424839885094779,-0.49893988991925325,-0.31192332284569196,-0.6730240966930134,-0.43755377080900587,-0.06995956214036533,-0.29178568045011927,0.09086815663847722,0.06124838802092531,-0.6893857319873964,-0.21239066050026043,-0.342482703531278,-1.1999164014872798,0.022232884298699566,-0.2486663426447687,-1.7699174499300299,2.0802903568981352,4.882460495575041,-0.34245330562056026,-3.1245659358282296,0.15708086989864894,0.39328926012505155,-1.0197757518398887,0.17574285793884598,0.23269655444475945,-0.4371435355051274,0.35292647482144296,0.3339387649310029,0.06791325428022489,0.6979800839208474,0.5674884871583783,0.4010253591979915,0.8755719951156092,0.6585109044472529,0.2928459628585213,0.2663780756907307,-0.024947439931434914,-0.05253760920673628,0.149848469318552,0.045050103292888395,0.07014469603855898,0.19598027982264868,0.1612098304690582,0.19823101871544982,0.24348772756379589,0.22556683556835402,0.2002423954749774,0.25358391900988203,0.4366171344458925,0.5280315610391805,0.7535876861967163,0.8838272276424755,0.25863583799899187,0.07604840500606137,0.43883435712994845,-0.1368602929859302,0.0406007204298198,0.782901430192914,-0.5112782858466026,0.4312012748912424,4.449414750846062,2.7472731640662262,-2.2623294767148456,-1.032309505454099,1.440698090311571,-0.04286319055326353,-0.06289776846005345,1.0150864389711665,0.1888714317910342,0.38602129221117504,1.0597161272826434,0.4646480463902379,0.805019740103164,1.2397951611102003,0.7137187684788359,1.0914017682768886,1.270536207786585,0.5255848945195839,0.5591168068436752,0.4711338773896338,-0.009748557084433432,0.34601558654954945,0.36183576730748407,0.0804525950534743,0.5429516563547092,0.4772829051715238,0.2073105785594468,0.6371313345658228,0.4461026690740419,0.2122179484224261,0.7231263049719504,0.546849424787431,0.4296082248350842,1.1105031034100183,0.9250992601938582,0.43173052967275755,0.47003600423796366,0.0368099185260633,0.07939246459194114,0.6011477606092182,-0.10651415534105775,0.20381886233543062,2.6325059721124533,2.8680567269517887,0.4281127903720424,-0.5612478073248036,0.03655063492966268,0.21280992231589205,0.2592754031116965,0.43515782957178134,0.4349401590573047,0.5569429233534499,0.6998473806498396,0.6566207228209219,0.8335275265694804,1.105957512211375,0.7931506458654036,Normal
-3.1974423109204507e-16,0.9999999999999999,-2.7119346163818774,4.293658729150033,7.005593345531911,-0.405236867714008,-0.08057259427344729,-0.38473428765831075,0.09824200575818236,0.006382583524756367,-0.8204787425437576,-0.3723480170585033,-0.369259639127532,-1.0666311758467684,-0.15934530438722147,-0.31460210751083245,-1.4204317387746896,1.3136820246670324,3.2658940704365556,-0.5856601885829805,-2.7119346163818774,-0.2666374662077911,0.11291058273202831,-0.9786420262043122,-0.21857020402840663,-0.08617113865457812,-0.5804028632208441,-0.030035087820608874,-0.0047715213828785075,-0.24798357596039963,0.2227070014911491,0.1515625715338804,-0.002807930979786732,0.376070501698414,0.10865842941806954,-0.275634635412221,-0.20500206541480961,-0.4960629527552975,-0.5904102143341886,-0.3352865697953424,-0.5189945657340714,-0.4618329095038772,-0.19127673873821524,-0.42609383286118385,-0.3613300755689996,-0.155268659672389,-0.45689177239976153,-0.3281841233082854,-0.0704872036122872,-0.3472041284799425,-0.08660347326947895,0.2860652436422117,-0.12950873255418802,-0.3172305516056681,-0.4077663121093438,-0.7412844708483396,-0.36838760732717724,-0.3385257326693458,-0.92912888057693,0.3112670163101021,2.003068568028393,0.8943085209125236,-0.9534854877782826,-0.9631617018672054,-0.5218556577413656,-0.5094183034868336,-0.3919580336376125,-0.31628428776326545,-0.28122669607348405,-0.15563934523292616,-0.12381920356964998,-0.062139680820373806,0.09103637113832427,0.16549775171943998,0.20469397179030485,0.280946964272726,0.3481682023020782,0.2587362423802159,0.007592904459328858,-0.1299519620385965,-0.16223281134858417,-0.19798906962604507,-0.11064671825658129,-0.07741393208518836,-0.11876470141941826,0.043473985505016244,0.12725694969809886,0.07294969574145015,0.18756876483086707,0.18326823649683047,0.15716304741196205,0.42032482022827294,0.575951468967296,0.7611382486243549,0.8854198145624983,0.35423213347421495,0.21128832071748685,0.5838991022658424,0.132120064556632,0.19582016265571484,0.868140584026086,0.05336596201047548,0.7920715006879222,3.997828429126915,2.9875667649119824,-1.0245687888290145,-0.5014803190980034,1.5107169001142737,0.5693515274074455,0.42756875204899686,1.312791870916854,0.7787773492998429,0.8484279119703936,1.4433454342308152,1.038208363389737,1.2208649673071352,1.636496692901711,1.2713545374948223,1.5110772929915517,1.6744162915762713,1.0330156271198314,1.046096107138201,1.070461403191752,0.6067436636512443,0.8400142095420416,0.9001120876045039,0.5741916227265584,0.9540982154671044,0.9596045489369401,0.6330879633261505,1.0267704793179666,0.8979914672094311,0.5599647117186696,1.053419066482717,1.0218341912510718,0.9180583634126883,1.2958077721408094,0.5948180734771963,0.2557877671056184,0.8405594765511696,0.02478838243419311,-0.02910105157357837,1.0760944090975,-0.40097147227011054,-0.1133405924529734,4.293658729150033,3.5545135813177002,-1.6933192360431002,-1.4180764183224985,1.0260168120509718,-0.158837267700941,-0.49166006067240586,0.514830297254624,-0.13653171067621284,-0.197326161856336,0.4101435959055612,-0.06300780175799556,0.0473220978860224,0.46091070152314184,0.03465670124716175,0.19139398295353122,0.39311159629436704,-0.21621519841066456,-0.3255943160161923,-0.3873634743454169,-0.8367811564710934,-0.6379847707815767,-0.5896117951918071,-0.9178588068254065,-0.6216041448844538,-0.6300646711194041,-0.9536048127595892,-0.6247770975011377,-0.7133513409958445,-1.0277659090536913,-0.6043969510471057,-0.6637187541640855,-0.877290141523963,-0.3972123151542821,-0.6587260384666244,-1.0680665524332595,-0.7974381317939678,-1.3734941010058375,-1.4984407393581127,-0.6766714492165289,-1.6967922159174433,-1.6555794790933316,1.7085500345260816,1.6455210681676988,-2.253975985363751,-2.4285124867931924,-0.6601865668240304,-1.503795140390376,-1.7913307074198845,-0.9586985627958019,-1.421485683189177,-1.4727450493609868,-0.9368510447470136,-1.3005767746968835,-1.1794737457089621,-0.7336285691586526,-1.0612205694373775,-0.9693572891859905,-0.7687112840109371,-0.9648706840625078,Normal
6.084022174945858e-16,1.0,-2.935643120858967,5.127429534477322,8.063072655336288,1.3642724728928144,1.682067379248547,0.9889920202670844,1.3829931796819306,1.6983306205158606,1.2735253198943952,1.7458965519939809,1.5040821506207314,0.6505519297456449,1.2664537458585385,0.9990673720792994,0.20107445642464117,1.404405375633315,0.9009203887072265,-0.33986070189896533,3.200054656824875,5.127429534477322,0.4794633895227942,-1.5779105498730785,1.0236073583897929,1.0015725001716393,-0.09473258305420956,0.8042336686528951,0.738522702011782,0.22337061940963862,0.8106106188231181,0.6959102838738848,0.450445990488439,0.9217066347536186,0.7475701296208066,0.5997908384784291,0.9394061897433779,0.5722917874844017,0.21404326169922663,0.25678007664008634,-0.11490616150412535,-0.1761741371241287,0.04198160071368306,-0.24114333186590162,-0.1804632716124964,0.03233129687030417,-0.29034942578367573,-0.18632386827856706,-0.012207492548800396,-0.38351396675559424,-0.1974061480703509,0.029975925532147524,-0.2881040282112397,0.00489644742158345,0.1257778005223221,-0.4182862189103375,-0.28119633122731286,-0.4663182502424151,-1.0210288489050496,-0.28445965847290244,-0.5285078317514369,-1.493296318103979,0.9731677339252199,2.851356850270248,-0.3388532432283086,-2.2580460379566536,-0.4600863271233551,-0.408295318810242,-1.310223479544015,-0.557392181432112,-0.5457837608252892,-0.988841158946494,-0.4465667405949294,-0.5146857916483738,-0.7341493666346466,-0.21570233948882317,-0.3177841774331642,-0.5034038738184062,-0.13563147250815796,-0.3600728081099509,-0.6645507023775812,-0.6346529548484562,-1.000704168514546,-1.057781467413162,-0.8454053590568769,-1.133243009054046,-1.0209916764178961,-0.7277846138948817,-1.026934468550038,-0.8893774461450366,-0.6522244426021334,-1.017986498414403,-0.8459393763833688,-0.5849723087440282,-0.8010011059986452,-0.4460911501272681,-0.4749575685769725,-1.098297680003327,-0.7399145762981353,-0.8647661998150432,-1.501566855852684,-0.5544743231960911,-0.7986425033129724,-2.0068245404473197,0.8600556457691168,3.0917117745344598,-0.7137331389897651,-2.935643120858967,-0.578211290178449,-0.37866749387194565,-1.4872213085606834,-0.5788551805028441,-0.5147909975311808,-1.0435346243736618,-0.34206839155176133,-0.37040330320654324,-0.68943319592688,-0.10588130872461192,-0.19294695107062862,-0.3867494548697805,0.0867134368920092,-0.1675772566828569,-0.5360782283211452,-0.4151920525789666,-0.7401628724338581,-0.785130650891528,-0.5041414030184607,-0.8043094893929572,-0.7085454486822954,-0.3621100955117289,-0.6583125895358557,-0.5532715401170267,-0.3139512537919945,-0.6253276892820318,-0.3729308603468734,-0.06674202358009644,-0.24634670350342325,0.09558113233117631,-0.029744119067296623,-0.6983536929309268,-0.32446607353176266,-0.34586094086926794,-0.8890074918457785,-0.14085934714993084,-0.27698264178573345,-0.9897488643554713,1.220245133838642,2.4095003529530112,-0.6458339502096081,-2.0197821853381694,-0.21012550321800805,0.07298080558573147,-0.5491864448034478,-0.09661336894861065,-0.007129806901201507,-0.17577973354610038,0.13009660106245646,0.20505352014074005,0.20026330476985027,0.3677586612338098,0.3861227306274602,0.4414979978949013,0.5033198448585532,0.3616402275919036,0.1417818168299814,-0.06705457313966232,-0.0774778154643396,0.015502631121160956,-0.0398792629637435,-0.008345530548135449,0.030809095682241657,-0.01447336931887656,0.14658525551298432,0.14490733491904326,0.022050565584636157,0.27990141811762154,0.3653467727625928,0.39113805761650006,0.6658624595565839,0.2716982717209655,-0.007917082426680879,0.37001256100850494,-0.16538294617104266,-0.23278617195479015,0.6808624879604048,-0.4213123717600919,-0.27585223843362483,3.649839717319456,3.364923393313877,-1.4632135296129358,-1.3794334580704977,1.1585395782441676,0.12577218593465922,-0.24037977631065813,0.8791311559183126,0.24081940807377925,0.18904936507049325,0.9450367026094101,0.4369241444093408,0.5708415656531005,1.1134131253250033,0.6363861326747757,0.862189861206247,1.1904267855607966,0.7808205272316079,Normal
3.552713678800501e-17,1.0,-2.9068455255108674,5.881205645328978,8.788051170839847,-1.0930820228356586,-1.1272587065326167,-0.8935806984204768,-0.9712272343584115,-0.9334692244972086,-0.8972428870105507,-0.7405184066692478,-0.5229556715202527,-0.4064805661963568,-0.19860913893147225,-0.5749504075616648,-1.0705297289472928,-0.7035692804251181,-0.9377994738170421,-1.2714950578317743,-0.4113333245701288,-0.9330868252231261,-1.263265777571177,1.86538328179262,2.3960431901070915,-1.845687072577911,-2.677945998632273,-0.20201848408607798,-0.3829311059761453,-1.0385439089571553,-0.2732057190464701,-0.37147696803655134,-0.5220636534637186,-0.035110536877296504,-0.05553872750308806,-0.026953881777787136,0.22221865565331683,0.1937160534791572,0.2890213887932953,0.3475424638726876,0.11440786609154965,-0.17342683024134994,-0.41569252192153167,-0.3667621717661904,-0.2772492721687098,-0.37442158964719924,-0.27083126596198676,-0.27312862662022763,-0.32209463888210665,-0.042655293746343796,-0.16455041906821677,-0.27024907292778666,0.17173931296901623,0.13125379625476924,0.24658723947302918,0.6108258405282306,-0.1368039135394067,-0.2510447695650484,0.23721299023377038,-0.7496215524454631,-0.3693085543776605,0.6324704991328053,-1.2883334761680145,0.11719590797753326,5.182709793268311,2.836570125868136,-2.8307967468563295,-1.2386844100065466,1.1383590258276106,-0.442754171828632,-0.23948290274666303,0.7002879902481648,-0.0805933758556185,0.2182825283140428,0.7368331555688946,0.2990039720121025,0.6433148145609742,0.9220728393044154,0.6333061088212671,0.9451339392251596,1.0532073249820628,0.623071475660622,0.4191614967416688,0.24765645073575432,0.14277313755846885,0.18438792934974554,0.17202975915118277,0.24148136340544601,0.2519970620442858,0.29569689664595433,0.41127912420902824,0.26861084546549113,0.40805458065142225,0.7102971764747539,0.632753073702174,0.8976142045405778,0.8292500011460728,0.1309808811079202,0.4181668288056333,0.2582095106488885,-0.5300947070847913,0.6230319377459679,0.3520263713282442,-1.2733162579715351,2.6553808184698315,5.881205645328978,0.43245354363728145,-2.8731846345649528,0.6115193993592183,0.9208057918450563,-0.7888596919685861,0.5453003944074919,0.6443594434008169,-0.21775376331666488,0.7053117584906051,0.6561070225196461,0.21556597155103227,0.9686511275969664,0.8053044756732413,0.5500552114433503,1.0881039031724007,0.6554827486245766,0.1940179213413405,0.347845575957077,-0.082666525029682,-0.19704919555172676,0.11580400428287078,-0.11471979509781649,-0.044836780578712127,0.18632557398264363,-0.05006468944592075,0.04208963238653586,0.1513802875060211,-0.036806643473695236,0.1670751256040353,0.31373408571980665,0.3667876300828277,0.6483228059633559,0.22198460545601792,-0.4138835792408303,-0.24705060291012632,-0.2537614858095626,-0.4444029771025208,-0.26886431296430385,-0.40277425199564687,0.21143662925666096,2.0092303843183483,1.776940629305427,-0.7196142676367417,-1.4803487296868374,-0.3360260395807495,-0.11498459454885483,-0.4548636468996908,-0.16218639938080062,-0.05138977339874914,-0.1873651178491185,0.037457211951317806,0.14105992486041966,0.0897760222409291,0.26755102134969194,0.3130930866339483,0.340004611165058,0.4656510303799631,0.11452970580876773,-0.29433064457494484,-0.3177870158321588,-0.49259629787200643,-0.5488307603083451,-0.3715849061639535,-0.5122997648089387,-0.4582412932798364,-0.24594956693671724,-0.48056999864390415,-0.45489072761281524,-0.32747282713007164,-0.5836129035293307,-0.3214706551208169,-0.055023629953654764,-0.19445848303682672,0.23576311917029566,-0.00912351037302557,-0.9380582954295595,-0.4908880173711463,-0.4459500074764534,-1.175293219942869,-0.2541750477962042,-0.39138094542603236,-1.4318385869109727,1.526501334692909,3.4358389552992676,-0.6856387187138355,-2.9068455255108674,-0.573240783785855,-0.12824058243459802,-0.9989194645957893,-0.44382734781978406,-0.3566769959236506,-0.5973528044849759,-0.24472993403169388,-0.15719511282087495,-0.1174043684065556,-0.005706678480382114,0.07320724552916533,0.33475257658949525,-0.14810825201085184,Normal
8.881784197001253e-18,1.0,-3.5466355834646808,6.0572050569241105,9.60384064038879,0.1689563911382273,-0.14293062197013837,0.44672323131399383,0.22524651883224084,0.19183184702195752,0.8594034337263454,0.6790146584062936,0.10966536170160132,-0.09497663439147257,-0.3143571483080321,-0.29006988575771103,-0.15699242984142664,-0.3700908985943869,-0.37624559147147046,0.6600071425905599,2.2613105736943706,1.8849266187691758,-0.7700999485643796,-1.6217952844340446,-0.1345312420491069,0.01452379749109472,-0.5411710487332543,0.02116478981926559,0.07109310776503962,-0.21669189346471,0.2381669143339298,0.2622266831084762,0.11914743055658081,0.4788159119013281,0.4335857027430886,0.42938120449376854,0.6620238139827721,0.15521042420079637,-0.2759589873624184,-0.21518124284960716,-0.4869057077938173,-0.5077046086823273,-0.28753155004378,-0.49730261873307013,-0.38473509818167134,-0.1751667590730773,-0.456265865083828,-0.380158850465932,-0.293363685858491,-0.5384917651722988,-0.21420741536314894,-0.00041714256596618333,-0.06628595776907135,0.37776838079098046,-0.04146348494284873,-0.9042379202263312,-0.4110087187170266,-0.5063130920507497,-1.1088805062391254,-0.14710024297962707,-0.49906410329174444,-1.3039245054578759,2.076651802214319,3.714129401794389,-1.011975691295814,-3.1306346937205256,-0.2968673754304233,-0.04724089458881367,-1.1769077080065788,-0.24539897246239964,-0.24750034235178692,-0.757047786250599,0.006709295230216076,-0.0208244207870853,-0.2775794133236205,0.3417926968391257,0.21148315329764814,0.08013606676802273,0.5367765335299964,0.02860773284160107,-0.44030735830976286,-0.2393217072866097,-0.6235726580764495,-0.6763439428943727,-0.2886845006282054,-0.6253704576719931,-0.5508992459480224,-0.15742113306751454,-0.5060280144183444,-0.39017392804844925,-0.14950661652728245,-0.5763932589595261,-0.2938764416307136,0.022209751962634177,-0.17822444765822307,0.3775038130822036,0.12136015075161588,-0.8616383730479836,-0.21459166143115568,-0.3161223652891475,-1.2306586722089337,0.048316581568613126,-0.25837347491089396,-1.6723741882604666,2.255622431270137,4.678465481240047,-0.8482246964279601,-3.495472333892433,-0.022135013037859582,0.301730506020562,-1.1150722598367868,0.038227986765741004,0.11042697595265796,-0.5476895256792478,0.25022732118176083,0.2356776455105388,-0.056024575259517574,0.5937815560288842,0.4600377745320498,0.28094850427812884,0.7568847851127163,0.34037148903559256,-0.15762990698800688,-0.035524068522530955,-0.35324375442299216,-0.45858877021457517,-0.16874749320359797,-0.3694097640075907,-0.34536571145654005,-0.0859042993326501,-0.2637950177630288,-0.1980162725183565,-0.06487244860210137,-0.24561774715834347,-0.022514015796161337,0.22024765725833056,0.3350124511447647,0.7384416312946253,0.29124919023735457,-0.48272101510683646,-0.09317653721873376,-0.2110166016379211,-0.7840193324514497,-0.02806002523334085,-0.19692330111653225,-0.7120321064236548,2.0618793065922363,3.2725006113321964,-0.841696457076583,-2.655052353244929,-0.04253005062447702,0.3391393849976164,-0.7188789924653418,0.05974662548733986,0.17975604541015863,-0.23387545613250432,0.4256842039103122,0.3989937504644222,0.16037435514198467,0.7520481867028862,0.633094936471093,0.51068340071814,0.9947909446617857,0.4815964544335925,-0.025324680348906364,0.18722480067015462,-0.2488524192697036,-0.3218853285894149,0.16503836192209362,-0.21973912345719618,-0.2064895064194464,0.2458324533580296,-0.19482557772266004,-0.0777004698286117,0.2882017257562516,-0.30829203676409767,-0.05039571393863902,0.4541586033379251,0.05573827730717439,0.6005338106440308,0.7000702486769301,-0.369641629929612,0.16655391742058565,0.13193405359670413,-1.0568289846254244,0.32403539842066026,0.24225442994377436,-1.7602104689057962,2.3816313866794823,6.0572050569241105,0.25843108406278015,-3.5466355834646808,0.041071432714070225,0.6894986751306766,-0.9850757290847411,0.2129904526686408,0.38299428010237796,-0.4024219970992628,0.4636246958196992,0.5003351330488208,0.11009058903289791,0.7307937913756106,0.6174018207904891,0.4910462177317751,0.8494281446907704,Normal
-9.37028232783632e-16,0.9999999999999999,-3.335100848659127,4.638741407774816,7.973842256433944,-0.1209714364165104,-0.18371934940639398,-0.15757007208817178,-0.15642606887837382,0.03738869768541303,0.06686039455535868,0.23360651277304517,0.25996841876656673,-0.17642836682717722,-0.11572268440001675,-0.29691375724754737,-0.7745217497016005,0.035645615749628254,-0.2305237765127861,-1.204490151375468,1.9563286835192815,4.146171243589439,-0.24054817431011355,-2.6406397462661357,0.05078980774067728,0.14472500359481855,-1.0478101302388878,0.09489057180569511,0.0311394426220659,-0.5649926638472533,0.3032197723467269,0.1651237508413259,-0.09060149001440816,0.6385596374276957,0.3277831385004134,0.1958459432450548,0.8472888746350555,0.3464898073861289,-0.03950679681480041,0.15713848370555145,-0.4399147011371365,-0.4628950370026677,-0.03742049970119779,-0.49003399833345684,-0.3449033708284278,0.028450880908449185,-0.46350153728021254,-0.2486001635888244,0.026797070692733543,-0.5108416990942691,-0.19308902527883143,0.07891709127517346,-0.2897853694143234,0.314214808861157,0.31167496346287926,-0.56600245250178,-0.12469545375165537,-0.32711604355622587,-1.096972329318627,0.09726598782526247,-0.2917865732282632,-1.6021229936224444,2.054761453172105,4.497097502101109,-0.2177254923206725,-2.818763609524155,-0.20553016671487562,-0.0037984420945946693,-1.0805805932190178,-0.027576472822397342,-0.026584444298434387,-0.5895160939587704,0.16171403229701917,0.07184274873963746,-0.2564686977343912,0.4198328151073295,0.34530070256275147,0.12927309378193294,0.6158847076075223,0.32315982702214996,-0.11992393903760205,-0.06274835695081618,-0.47760485170880346,-0.5646835102392357,-0.22480812111762866,-0.4989730161125858,-0.4528601399229894,-0.14872633186384443,-0.4274799029512572,-0.26112973413663587,-0.07585094752360098,-0.5083664383428421,-0.20636144059732836,0.12997536771461193,-0.08690610445054552,0.38626258617442416,0.17393629956234602,-0.725207170774652,-0.17727326597755624,-0.3211986630200084,-1.1819882304636715,0.04264177353057994,-0.2272421259962998,-1.5970151633593168,2.131629684885227,4.558258178733586,-0.6746579253296093,-3.335100848659127,-0.07105542745824563,0.2659854966671754,-1.107139728608992,0.010329553283251455,0.11568753031577192,-0.5140228522381778,0.22658716729492026,0.16026446333976813,-0.11111392682907775,0.5697620667674814,0.43070624117732226,0.28384236535045176,0.7910247062786736,0.3478217467881675,-0.10986626159819063,0.03843583046482919,-0.3437769302744572,-0.3844363385504112,-0.06058396604951142,-0.40108982361563267,-0.30140462095779064,0.07036513796491184,-0.2630942549688929,-0.14134230092316297,0.12313980771789577,-0.26212721841637643,-0.0248438518426726,0.349731192853397,0.17094295987576566,0.5073586491997624,0.34479001552633426,-0.43323512378569,-0.03832342971277426,-0.11007366620397391,-0.8138786247894799,0.1489886917260409,-0.02789417191896357,-1.1213775658564495,2.0862521034308776,4.330444995036169,-0.19381992041558135,-2.7901371044770635,0.05049356000448437,0.48832452426035416,-0.8282656695176894,0.13384159087675143,0.26373309252726146,-0.36107327052612437,0.40664833100724207,0.36913948723565676,-0.029259796589361373,0.6855486844489814,0.6360744074540088,0.39855757017112675,0.919306290760787,0.5007916419151769,-0.01411865784118646,0.17816679053898438,-0.2568296441482932,-0.34902712610944153,0.07834239052457861,-0.33492375827820575,-0.3086593623585422,0.12219572549578553,-0.2932917080735377,-0.11847305383031954,0.2316318398938819,-0.3307322201858848,-0.023743365157341257,0.4481747395009305,0.056204482387076135,0.498587363564538,0.4076861511197086,-0.6258702246288939,-0.05316179661405189,-0.05386747892235973,-1.0645217474408086,0.11250632750764576,-0.036908534252076644,-1.5373859994325594,2.0157677932588016,4.638741407774816,-0.20735773090461526,-2.962196490931008,-0.14691496957013966,0.2821304829148689,-0.90168320797786,-0.1110616399066223,0.026301572057758665,-0.39120419379602506,0.08743317500076472,0.14479083468450255,0.05047768935042739,0.33531405319056384,0.38921821819805313,0.4731605411399163,0.339279803359256,Normal
2.1316282072803005e-16,1.0,-3.850826641637448,5.262054345390037,9.112880987027484,-0.17037744152067505,-0.4071428270210329,0.2791008065132193,0.18099203203226205,0.2099570211012078,0.5835366749607773,-0.34883694298399776,-0.5744447123770875,0.06043060862069342,-0.9124088338929303,-0.7295067257164126,0.3533337673308042,-1.3940642936390417,-0.22826178874807673,4.85438210269657,2.838147599171088,-3.2073249321561836,-1.9607838901313825,0.7985158192838859,-0.8202832337169048,-0.860344454399496,0.303040191150929,-0.5534425307054374,-0.35294194440396126,0.37626151360418414,-0.218310318549025,0.11211272902246691,0.6136341510801364,0.13667339848776916,0.4616207202358656,0.6002692653874315,-0.1641106542133215,-0.1980574708420909,-0.3203458800122811,-0.7935119263570205,-0.4419757570607136,-0.42747890078702944,-0.7498812822563915,-0.33739718117836487,-0.36974686447411476,-0.6014192827292457,-0.17985574975368232,-0.36573073534477696,-0.5928423639204994,-0.07047803022973415,-0.20936862091730066,-0.31192338137534686,0.3663256982540821,0.1855680994094727,-0.34717205480279356,-0.3543237510598048,-0.7452734525011602,-0.6878371728107217,-0.2686368162529945,-1.0204304183081765,-0.7329811145257528,1.60958072713581,2.0836895162274223,0.029152612771294932,-1.1862890814765594,-0.9753523608724441,-0.6662108452662063,-0.5515473631659742,-0.4842449287593505,-0.3515142934795697,-0.26361290643170154,-0.23465746784626268,-0.08137097588577374,0.01612569852188014,0.09973254876931727,0.2875078542499998,0.3314480662225722,0.45639924130800924,0.517437725066231,-0.010792980239132416,-0.3762913496045781,-0.3337690985976111,-0.5988263219334121,-0.6244618143598111,-0.40655919514488237,-0.6665744422682486,-0.5980548647710753,-0.30682126820315575,-0.5844436809653818,-0.45791118369825573,-0.20152514666644677,-0.5836785911590462,-0.39800993719200994,-0.08252785897737105,-0.27483767322685215,0.18892267805436846,0.07700582482190606,-0.7937602800207688,-0.28298239118332497,-0.40923160773567063,-1.3468298428487164,-0.09807781612784493,-0.3599789062848578,-1.9356763656613702,2.2125521726547563,5.262054345390037,-0.5713241763775341,-3.850826641637448,-0.14225802318350664,0.21677304491557847,-1.4888003053526628,-0.08180915813068054,0.016300500957781204,-0.8494680948943287,0.17766964041695527,0.12230365300498386,-0.31447244821064374,0.5951489216703446,0.3676111319154894,0.08352010690491973,0.9042431017152307,0.4581346090053501,-0.13818066196696707,0.11275800562247638,-0.45423146831829153,-0.5565974545905856,0.007786864772970958,-0.46834347398344894,-0.4685369904790912,0.0405406586102936,-0.3728049518384722,-0.15345712708956316,0.23078496444079694,-0.38043548942819366,-0.047126050119275016,0.4323126844075577,-0.05495884068971951,0.4812969854992235,0.7245338835797994,-0.20649930746896794,0.10689288832744394,0.0027525870907197467,-0.8715248565347468,0.29987558648968465,0.09896943425121077,-1.3981724452374051,2.210166577379347,5.2456281026563385,0.7352675399928599,-2.3769016684848774,0.04864392754516575,0.5099223085716008,-0.5829813910169139,0.32268293101375517,0.4556118634335244,-0.05327334587511446,0.6062552570890027,0.6662209779944983,0.41113629048462735,0.9245945077204109,0.9281751401271878,0.803816195598848,1.1810589811870664,0.9795292559664721,0.5721193035366645,0.4879464632518116,0.16772281857410057,0.04676911152531873,0.17797481876523505,0.016517916783926348,0.08959214278978041,0.267352210995852,0.08652834953938059,0.2180089964216688,0.3809951435264446,0.08273295544439127,0.2053187238395683,0.46565936667788727,0.21644059539185645,0.42897866873047713,0.829186507521925,0.40928129570084915,0.031794058654214495,-0.09240490088859289,-0.39635339100738,-0.13714226277132927,-0.09873884544634355,-0.7127490885955834,0.6110627302242503,2.770351548439192,1.5724080779374134,-0.8656516452207208,-0.8048315053966923,-0.272478008764049,-0.5106912464285092,-0.15354563945044408,-0.013010305570410233,-0.2702387021845877,0.06182195573331016,0.10981865966423957,-0.03970661159718398,0.3677674624588412,0.3877597103853744,0.2968245188562319,0.4530386646927653,Normal
1.2878587085651815e-16,0.9999999999999998,-2.9420245818331856,4.843712408676607,7.785736990509793,-0.21976519042009593,0.14741048864932169,-0.1239514179495362,0.26565667168120805,0.48830993997353017,-0.28648906730514573,-0.0974214694909198,-0.17697961799052775,-0.9341378963478053,0.06722637148752013,-0.05990047413328712,-1.4462794598569424,1.8237392179086043,4.843712408676607,0.6703364031856518,-2.4856645522127963,-0.143923735688574,0.38444466720400283,-0.7734937306681868,0.14952416357612036,0.31541466476980745,-0.2736752025932034,0.43692569373913165,0.5018456981800641,0.16799413947767075,0.7541244140270112,0.7375505221151213,0.5446508788872931,1.010861211564792,0.7759347523709929,0.3350227622306163,0.36305874017194023,-0.013507199536492131,-0.16185544776102498,0.0707498782768248,-0.1741354079232346,-0.11266096088758669,0.1587869682570579,-0.12117131902459038,0.02151053620604726,0.26799042939782297,-0.13603091370417544,0.022947895051831764,0.3440666619698268,-0.02030782448090122,0.25017245845235936,0.6830130094222512,0.159936540367455,-0.1015917251654036,-0.20151712939966046,-0.6212463509101661,-0.2523139368697012,-0.2173678060882419,-0.9271373363784403,0.4509282002273458,2.47972941023283,1.2874681441021851,-0.885168286296576,-0.9481349633223103,-0.5028827979843966,-0.5482020948528553,-0.346364460101197,-0.24211818389367393,-0.3074142487678105,-0.16492360328701472,-0.10722844085298443,-0.08787515202922372,0.10872612788835596,0.18568433971548814,0.17739328881098282,0.3285345314297961,0.3893763577034084,0.12544319517849944,-0.2553770880613455,-0.5026564711238153,-0.6179634618332926,-0.657388747950653,-0.6421391920171172,-0.644073565697265,-0.6258798150407734,-0.5728440609230554,-0.5966854686850835,-0.5893023882879009,-0.5535007357392102,-0.6287593374381841,-0.5395092005399841,-0.3849219695679165,-0.4189222213191928,-0.11893381259383749,0.0419529069645692,-0.6837407474348264,-0.9407888891482057,-0.6384325891937437,-1.1341051832771911,-1.064456606932383,-0.4697872165134465,-1.218441778134914,-0.27072195253719,2.7141224875170167,1.1926291682318846,-2.9420245818331856,-2.224414070710026,-0.09085153285206547,-1.0076091006672736,-1.1793547588269353,-0.34439392993476925,-0.8725029655167703,-0.7696884554018155,-0.16947596053705047,-0.5699357700983841,-0.35954305765668415,0.0711894560678274,-0.2865931137621178,-0.006071390586780461,0.1552146024838678,-0.5941454752664265,-0.6991243815119123,-0.7176257365236672,-1.1100666243257418,-0.7580800725055664,-0.7021636872296713,-1.0514880574610659,-0.5780187738856114,-0.5562148190113634,-0.9104799897537038,-0.43657312637521156,-0.5383959607484624,-0.8115157641286113,-0.14462411498066707,-0.18822055893383022,-0.24862526036325364,0.41096420410881296,-0.26169788377447234,-0.6738933203181843,0.017173448997325317,-0.8737742175283069,-0.8679619020646338,0.48972515704096303,-1.2274766885882773,-0.7804095747832186,4.645543323220963,3.851049578587036,-2.4115692311894046,-2.025080960601708,0.9757051916124959,-0.3696352315939531,-0.6585376465067158,0.6274665979445628,-0.09778224321278076,-0.06625039634436192,0.7604238323380117,0.26240246543831236,0.48691396206651,1.0698151213272622,0.6226854481563971,0.8992134268318315,1.259069255729715,0.6085179430623795,0.4845790072564833,0.4258995881283934,-0.07059690670258525,0.1651658957456152,0.26757533991989535,0.013860548721945939,0.4454218357989092,0.4658546849327605,0.1429420339092435,0.5431762493303137,0.44489177716364087,0.14282752119810968,0.6526577296268091,0.571850968241695,0.4085899576716177,1.0486169675771315,0.7201832718701348,0.17280311946920687,0.43138858504806665,-0.1999762615496845,-0.21976076652781307,0.762754651048573,-0.5239753214378091,-0.4046540271405828,3.8328805992521313,3.832984298689326,-1.0704366636256535,-1.4513261596328941,0.7768796099924332,-0.17437420327948674,-0.4951544869126329,0.6164547478312737,0.008191541524228359,-0.1019060278485852,0.6618193019753992,0.1682996296896287,0.25208390273237025,0.8448280425824416,0.30757812982140503,0.5570906719107815,1.109019324329945,0.14909222343257614,Normal
3.019806626980426e-16,1.0,-2.9091710199451954,5.334192012787679,8.243363032732875,-0.42646742921979386,-0.572611174507744,-0.2578649617681269,-0.2679884377206048,-0.05305562428809691,0.09276098086248687,0.3122975072677101,0.2056170406079648,-0.31926715325497335,-0.07730980614481854,-0.25356685929137224,-0.8071134274709085,0.25453747255867876,-0.14926301795950356,-1.3534088962219035,2.670084298455878,5.334192012787679,-0.12334166462292454,-2.9091710199451954,0.5564003506711913,0.6379180015759264,-0.8735003425649226,0.5751551928769972,0.5213327039397634,-0.24314632224404079,0.8422384278787166,0.6917690951391606,0.3081273460995064,1.2292271537374766,0.9568542263585182,0.7419454350052773,1.5005272905570732,0.994493436665105,0.5362520089596469,0.8017346575953376,0.2090557380417274,0.14617432783936235,0.5977457554947304,0.17388595132283297,0.3990635212770251,0.8264139313483033,0.294400062561718,0.535294234761582,0.8356952902184818,0.2542795265680338,0.6313660462944136,0.9390930313486868,0.43454663195035775,1.0169692445524614,1.1902816901242788,0.33314974453207447,0.5855136587608181,0.3440516456721743,-0.33585546125653587,0.7785328351858256,0.36206660522619216,-0.9034136253712297,2.4224111459238755,4.756663098108636,0.6974445231966955,-1.686227444480892,0.3896366778636471,0.5197948516326361,-0.39233746394407437,0.45435310331754525,0.4925991101678978,0.031206607533852,0.5720813844447145,0.568176276873996,0.3626671361029539,0.7816970812914986,0.7070170785500871,0.6270584582401462,1.007770124607823,0.8028245595940927,0.4306917611748326,0.2975434407142513,-0.12039299249454728,-0.2301833101136021,-0.04693715846861172,-0.24266818642491125,-0.21188361442162415,-0.050607770482670164,-0.27599984891695983,-0.17020311003202074,-0.0038120299046583758,-0.3023145772020351,-0.19980674467734832,0.01576924026266846,-0.19440594025269148,0.07095477878724445,0.3818923178941677,-0.04799841237374457,-0.3637024402562329,-0.5645869541895233,-0.8282073754331146,-0.507168286861783,-0.5804054413901729,-1.1333092556143112,0.013346151208591813,1.7484965096641611,1.0424759704678088,-0.8565483413503018,-1.357092525142179,-0.9162397089054883,-0.7024547509849999,-0.6754707649266742,-0.5849612276456947,-0.5197391543666945,-0.5432507610068442,-0.4644676929364994,-0.30136488823558505,-0.23318223237109978,-0.1513398781302993,-0.07237325931574946,-0.048077520432166065,0.024979664358301734,-0.14471765584053423,-0.5802053453560458,-0.8014868436405765,-0.9038399096730034,-1.0105455249807125,-0.9582274081391174,-0.9877083129997088,-0.9938207668056279,-0.8102271359717663,-0.8695125333101502,-0.9491144759294944,-0.79925124411222,-0.8690923018935929,-0.8640463873496093,-0.6466504137761088,-0.601870524202269,-0.311988569716893,-0.26436089788226375,-1.036309803990746,-1.188259291709045,-0.8746391334667443,-1.2796005767366405,-1.1550404843639592,-0.8377957696291615,-1.2455847373737055,0.0905456809937997,1.8626395129593751,-0.130915847816998,-2.6405134347924197,-1.7364465122882657,-0.6965613409557045,-1.1401851085917984,-1.013500628421034,-0.7080389950415937,-0.8460298431734308,-0.7127202761184618,-0.5506440688111547,-0.5025112262982807,-0.33696784868142526,-0.22683065013579293,-0.11250205293194969,-0.07560949940155462,-0.2524696321840961,-0.48255754830708225,-0.8103872579833743,-0.9802428642166294,-0.8693060044268839,-0.9204603391404422,-0.8803460530841731,-0.6891124629493428,-0.8023406573450611,-0.7139887442348922,-0.5171712894556616,-0.7280842838666087,-0.5566324457995749,-0.30802183684604656,-0.5443881205515704,-0.11150443597235626,0.32608123686607127,-0.19819455696585497,-0.27437628756958815,-0.30775902007177136,-0.7142006602145629,-0.022376128686714746,-0.027796638019366625,-0.9426192161368153,1.1643805674730496,3.5156087731770285,1.3811940835611347,-0.9137789817494884,-0.1812582273656908,0.37484006490149074,0.2652050902187215,0.6591166775118423,0.8195608741545239,0.8616258761884519,1.0479668366921193,1.2410330521285342,1.4982040833585237,1.4171473701223654,1.6774141878350324,2.3048499395514823,1.291304290634918,Normal
-1.0658141036401502e-16,1.0,-1.9206563687382268,4.224599795706718,6.145256164444945,-0.5016002267146195,-0.5254190143305337,-0.4387304115429827,-0.5019248997171964,-0.48850681497255843,-0.3257949311838786,-0.3245960406074359,-0.12744492010949535,-0.11905230028223399,-0.645331788595546,-0.6756217410687532,-0.4876963744992294,-0.7808143981801954,-0.6409254946594167,-0.4798482930719692,-0.7279029325037363,0.2509449131495174,1.23518789051144,-0.21288756287509697,-1.6439565411638237,-0.9455752127785504,-0.38057425154002333,-0.6855694012842461,-0.559381263708625,-0.380448842418239,-0.48902532103229374,-0.3814862275784316,-0.2714820721590443,-0.2693895908412263,-0.14533448480321523,-0.060679571007568545,-0.030676702738149514,0.012300515454221558,-0.09272975805335278,-0.29498785072586303,-0.45584931897141123,-0.5407950021430061,-0.5282756246362452,-0.5019762740837574,-0.47370441183521483,-0.4217892873450675,-0.41574701121598256,-0.37325936889790307,-0.3211696840713186,-0.35624815672198884,-0.27935904669395106,-0.19100659729194625,-0.22072456647590666,0.004518235145526718,0.21121040517728734,-0.015348049687659463,-0.1478258033037312,-0.19435183823704663,-0.29837847827848596,0.02240110519647734,-0.035212441973236815,-0.42492834842844773,0.8927019652931147,2.2848763829808374,0.8395663054409278,-0.6587965011770042,0.0445467479735834,0.37750743256634894,0.09034671386999188,0.5721008374926232,0.6514393518780679,0.4351602000494243,0.8585352305342625,0.9115903848886943,0.7901322881213451,1.1671718802229842,1.1708026533936877,1.1460417014110453,1.5180098075065775,1.3827078692766381,1.1782741541902455,1.2734884650170362,0.9990261313835527,0.9571249870345205,1.2262379617632657,1.063201994225668,1.1285137771020777,1.3607457466023565,1.1737605645784228,1.3265189654010212,1.4922878307202463,1.2239724435694448,1.4695182485964182,1.6884577272303147,1.5343894010576615,1.8770694953167635,1.6814386973835536,1.0520641009203788,1.4662210113520846,1.376531369943796,0.819138353791561,1.5731048325219177,1.3319575354775404,0.5916830641665742,2.9455015559262896,4.224599795706718,1.1342953114486982,-0.35281627045244696,1.241389187517658,1.3711712177346391,0.7618554270869814,1.1797171377237576,1.157346866926687,0.9534374828875013,1.2155964226176754,1.175418487628817,1.0927462356060742,1.2169236412853954,1.1685608232719857,1.1563344938735691,1.1692449626285355,0.98200113975024,0.730410187148704,0.5247996277018263,0.4513538739778567,0.3691355115980805,0.24055996929659354,0.31633945838217054,0.28817210636802376,0.15259929881217338,0.2917079148783706,0.18787742525886506,-0.013032971497046051,0.24809130632866294,0.20848674149305899,0.08335341832574376,0.37674682389826347,0.03673055380670647,-0.3054304885495779,-0.044267424437983725,-0.5751393548578694,-0.6508747464955857,0.0731113958528299,-1.0046276869034227,-0.8739977703919786,2.3822351505511103,1.9693306475520427,-1.9206563687382268,-1.759912250473236,0.05545395744889234,-0.8593600023057119,-1.1050237998739836,-0.3406808616353831,-0.8247569790559924,-0.8422521421477797,-0.3856855325574307,-0.7290724397551986,-0.6360296505888089,-0.3478922228693406,-0.6366811968227578,-0.5106650076260156,-0.35403589937012997,-0.7299304591315428,-0.8671529739622892,-0.9608256270770388,-1.1748392362259623,-1.08660280316114,-1.0974965745897554,-1.2044443959816973,-1.085562390726866,-1.087781719617618,-1.1354427838710077,-1.0869337260644507,-1.1358571450484283,-1.0988264939300056,-1.0325051659539952,-0.996925746024699,-0.8174581679507535,-0.8988445687661214,-1.2138900212668298,-1.350617051632094,-1.475642230136334,-1.343696599709704,-1.2701468842515682,-1.7404445545078218,-0.9500692651459889,0.794372493535915,0.07725570175810811,-1.7739668541776603,-1.562030654315934,-1.1567614929643668,-1.598483421621464,-1.2652475792279048,-1.0542129641023932,-1.366812018285088,-1.0193756298917331,-0.8903132341966568,-1.1670867833592051,-0.8516873861373054,-0.7627077960230836,-0.9423410893284723,-0.5938455723443917,-0.615876621147019,-0.9772043302985669,-0.7358693026985851,Normal
4.263256414560601e-16,0.9999999999999999,-2.741614029789947,4.636595104036233,7.37820913382618,0.9228726290951469,0.6858885993194476,1.127790480697573,0.7128854570276535,0.48389259663800593,1.0974693274475222,0.7282629130645666,0.6832838431153992,1.2242955946594791,0.37051819220036053,0.14447448740994234,0.5609812496886878,-0.5316546727368326,-0.15725396109179535,0.677493937846221,-1.3295912445877556,0.04274706648708121,4.636595104036233,2.2821989896532804,-2.741614029789947,-1.281185660864241,0.5674200615490342,-0.952299000792141,-0.7583434832125766,-0.0064305929033312064,-0.7310826731310159,-0.4751706090614843,-0.08168389886027975,-0.5160906613422359,-0.2313496003942774,-0.03282969235466239,-0.34833486147162757,-0.09318383703565121,-0.055785792806789164,-0.5269794837041629,-0.7119421828674958,-0.9179765768920751,-1.0942806517601833,-1.0045645424776328,-1.0782789363385699,-1.1203027709753504,-1.0122788240769913,-1.036595102019558,-1.0297905696157965,-1.0454727003106774,-1.0803653261620088,-0.9695645925961504,-0.9626185489271939,-0.8254498373526953,-0.5722600036815908,-0.854982757267514,-1.2280995501943126,-1.4070157834697938,-1.6059346044180822,-1.2790746883207693,-1.3717226246106722,-1.9898058412766633,-0.26930207733667055,1.8632539064373277,0.06867140551115733,-2.154764058586314,-1.4688572426018445,-1.2241466781522397,-1.737175355599382,-1.124278621279732,-1.060597917092681,-1.3702089789163006,-0.8041911039019577,-0.8195749418552023,-1.0741880495243357,-0.5935232464387257,-0.6148827389062183,-0.7157530445827173,-0.26374446136445767,-0.4317615229345096,-0.7622100682678958,-0.7323022112452576,-1.0776841353792168,-1.1850588166118872,-0.9779288826580362,-1.1672399440254717,-1.0350875424619306,-0.7857589275295486,-1.0316081150274221,-0.8963617784039298,-0.7124021470082077,-0.9354021325311199,-0.689349240070142,-0.5090518525051875,-0.5415001495096545,-0.058664306292207105,-0.33625616043967776,-1.078722382728571,-0.6811429836206875,-0.7295716052531069,-1.2026509891528219,-0.46773447968239856,-0.6751067134424187,-1.0906132219186189,1.379360452261025,2.2356099420305227,-1.1667384589910046,-2.3924305570653472,-0.385613426078489,-0.1584287167883051,-0.8123586133140788,-0.2648849050001967,-0.135094667105825,-0.29675761585294164,0.03293752993513082,0.06293159805527244,0.0971600849204237,0.41772609027502555,0.4176603659848468,0.429812174245771,0.5658323753826137,0.3243160261044541,0.03578772653160076,-0.0369272511434822,-0.10645758749002271,-0.07197351823168144,0.024083056807377462,0.025013888878843756,0.06346824717724893,0.12464880892232275,0.10981916015064178,0.11589162569159782,0.18568645501273323,0.2741740127123046,0.4843087832275424,0.8234228506599772,0.7593732707120633,0.1860543354370649,0.017731356833455454,0.2153312488216243,0.01715398085600233,0.0348818617998298,0.2616756551701232,0.03843718486473463,0.9184078764370813,2.493298359698017,1.2756436479295445,-1.1099473592203293,-0.5862207516997348,0.6871839210529067,0.2646242316196684,0.2152626931511079,0.7184251742419736,0.5214903666726937,0.5809862050133578,0.9143567283592866,0.8021160001316942,0.915911796579613,1.1530149414022408,1.0818059447860207,1.1863828335217832,1.1667329537417217,0.7598466359456811,0.5747328255303351,0.5084083462638812,0.39617335613148846,0.5032012596484362,0.5219769845525534,0.44450013447687664,0.6011342290916027,0.654633794375322,0.5445660213214268,0.6152287464261036,0.7269265515098847,0.8219892177187773,1.0714456610176897,1.2287651093146525,0.940261371612519,0.5109968908449591,0.49590176987042695,0.5242549054624479,0.3171131881090313,0.4869605406068813,0.5105390279028214,0.4203704022939353,2.1132358434300293,3.412012764557024,0.8808460144102088,-1.257504713857907,0.33250335759687,1.101558985242411,0.15979784563237545,0.678021797466739,1.0586948073839249,0.5421234220199285,1.0013968684586232,1.1638383492587592,0.8112252569544539,1.3196233528948522,1.3207889046024015,1.0411208332433557,1.579939612639483,1.2002757658235013,0.5076955662415177,0.9753817548615233,Normal
-2.220446049250313e-16,0.9999999999999998,-3.177453171569575,5.090384337408671,8.267837508978246,-0.035177695108959746,0.13109421087165182,-0.1575172056891811,0.1017647577977401,0.18628790002853024,0.052082406313276694,0.4100876814124838,0.45889175873432786,0.4879224453140153,0.7132169519239626,0.13775891841230956,-0.3237527762094139,-0.11846474634775919,-0.18842579141623492,-0.19626898837107812,-0.295679101400842,-0.16785030776698298,1.6530553272995518,2.566039487811844,0.4805753921418896,-0.8339827477153673,-0.2664274452949631,-0.25155322718147566,-0.13609379090645157,0.259602831926297,-0.0325473134557357,0.13927098989966993,0.4895501496461121,0.20775284477307063,0.4367152588170336,0.6656605375577559,0.4172799370226865,0.8173318861221431,0.9655332888845695,0.44036974710994503,0.3771074178795581,0.05395708102527702,-0.3946055424801446,-0.042431129351219905,-0.11103067119238595,-0.35565963227387787,0.060529322159745144,-0.12689056917041996,-0.3010078782710346,0.19220579207904684,-0.08541259186587641,-0.184478140782642,0.3976183075805295,0.22127881606479408,0.45313201663956154,0.7539485414215669,-0.39723462532827186,-0.4019084771258246,0.25167774643491336,-0.8543724435744882,-0.44628572215181406,0.48746736324559303,-1.3307448589647743,0.23328575952220626,4.777410027853799,2.4008044253843717,-2.573866845053194,-1.3116476513030682,0.540425028706079,-0.6253854570847923,-0.38685972653428685,0.3056611995184657,-0.24556684031407888,-0.02273778585229152,0.3345851704677001,0.11408791528096558,0.3941992796151326,0.5716973589829659,0.4602268984808642,0.6587948043130758,0.5296414358060901,0.08357611786852677,-0.11655542104032802,-0.2410585317019397,-0.2915081348112587,-0.2954197948799587,-0.33648997156344834,-0.3013087409419595,-0.2987144999837983,-0.19136629355144036,-0.09629330741967926,-0.2713719345246641,-0.09533100197100884,0.1586324917970033,-0.02834778074093886,0.23650861838948803,0.3232173616116413,-0.3335974447869074,-0.25809883581634063,-0.42863184500740126,-1.0730587554515374,-0.06360231132665203,-0.3045250572709855,-1.7204893415859166,1.9505645750978262,5.090384337408671,0.08731599069180276,-3.177453171569575,0.005859579951168797,0.30222793283157334,-1.3038875364887492,0.07032705954299219,0.10558705868206815,-0.7745377715263626,0.31842371876705056,0.23659477371509652,-0.2751040619800733,0.6597204705826,0.42784339487381434,0.1364433096656761,0.9081699377973154,0.30641536356732524,-0.1974797900140355,0.23940547772995266,-0.46166768247794354,-0.6368939130933264,-0.01194454139361743,-0.5757452785950792,-0.5129509544028638,0.0704623123850781,-0.5373828102883536,-0.33235503143407874,0.11974490319387457,-0.6380047421876014,-0.286784793297222,0.2525375516705886,-0.33703010779930237,0.23251220193262387,0.4235314483408646,-0.6502404425159756,-0.19251639693607742,-0.2654523057864693,-1.28245668689825,-0.00795026518418322,-0.20921890625005812,-1.854207032041259,1.786813679052309,4.792347226036999,0.30561151570540995,-2.6635642567077356,-0.39715630468047824,-0.05628166763313056,-1.0746123687083682,-0.3086485223069259,-0.14524832924255834,-0.4978566282575726,-0.04123298915831363,0.010813551471814929,-0.09884844043841305,0.22861418725404528,0.2732224840629932,0.2532574494313055,0.43924534832177287,0.39445124339082793,0.09014713959569862,-0.2573449777460764,-0.42113415253755115,-0.4641634086370229,-0.5266803609784646,-0.41416456001257124,-0.3841489334781685,-0.4750739923409149,-0.2670455825153365,-0.26266085944159195,-0.45758777450921784,-0.2415931268934151,-0.2777341278878675,-0.4597365395032479,-0.11179259546862379,0.008019566889693002,0.1183971317946166,0.33658768867895644,-0.36761513788719236,-0.5732079426573586,-0.11171098734386993,-0.9400962492015849,-0.7988113103182947,0.2220252150219498,-1.2836130822794767,-0.3725400271654005,4.2862071454235195,2.6400207673418863,-3.0228705681448984,-2.005268787910147,0.64248079924563,-0.8528305170342997,-0.9161538949578483,0.2536374191959508,-0.5437097374620526,-0.4201681733734468,0.2783728842265799,-0.2677845016094089,-0.0019915172724091655,0.4522004743649774,-0.09448143710796804,Normal
1.4210854715202004e-16,1.0,-3.4178397327373933,4.863423008556368,8.281262741293762,-0.42737730911170374,-0.8096708370654316,-0.016919083007156752,-0.24398968988374006,-0.3518856486530129,0.3455011868948893,-0.3604401187130043,-0.719977347059829,-0.16714457261256452,-1.0813296523459823,-0.9221022291003593,0.13961706154242287,-1.5017835296255284,-0.7086749165631413,3.8138543073757663,2.666136248067161,-2.2019856402629325,-1.756665399961274,0.10566742798229768,-0.9340132258328702,-0.943592312002213,-0.16038491779789266,-0.6059225278976876,-0.47392601484693864,-0.05672774239893077,-0.3170901375302085,-0.12546681872065904,0.1491011266022985,-0.0052135476728942505,0.15573208009368164,0.289298421556076,0.011766364269028568,-0.2684369501219397,-0.5031074664888096,-0.6404930485563939,-0.6373781265270978,-0.6155412777156849,-0.5664150204395374,-0.5794669246911853,-0.5327989394323731,-0.4136388878143614,-0.5211666505775072,-0.5275798841812926,-0.3979478329070171,-0.5426765711552988,-0.47592241923445616,-0.204049694087,-0.12437743282071144,0.09442067703204322,-0.16742506014260006,-0.7536523950093234,-0.43004489608460755,-0.6176900122625513,-1.2307643129696637,-0.26340781732050256,-0.5465302723118798,-1.593983358619721,1.9028528638563205,4.120420081599551,-0.8724638573973249,-3.4178397327373933,-0.2342401796290946,-0.06063470567084853,-1.4950951934244088,-0.22819991778438503,-0.19698881656218967,-0.9441099299663351,-0.03053370596105504,-0.12970553296280163,-0.5299438522127239,0.23361559459512407,-0.0024378405843684483,-0.2003079570944741,0.4512959560488613,-0.08680691233601957,-0.5283380715519835,-0.22930210807121418,-0.8116500304304118,-0.879533768932172,-0.36601083938422563,-0.8229381296462733,-0.697657580022464,-0.22896514153818603,-0.736040861015832,-0.4939301821434536,-0.12276190433109309,-0.7585541018901207,-0.42236596835139056,-0.013023369719757233,-0.514899247958959,0.022808249694977762,0.10836107653771833,-0.8250375170731482,-0.3259005649323735,-0.5085492672985846,-1.4542142476445825,-0.09945790892134863,-0.4225339912132087,-2.0600224607862634,1.9291263055304944,4.863423008556368,-0.36952784939445354,-3.2822427201652222,-0.12600997686625295,0.15074344453456437,-1.2628732674645724,-0.12406439258541888,-0.03152912269834575,-0.707327398965449,0.09186760772449894,0.11524688361924687,-0.2047723182213391,0.43602577806278214,0.35501362906599676,0.19310506729791832,0.7145697565042299,0.423100613972284,0.027199456802846994,0.14622719716551844,-0.24605088564802824,-0.3593948511895885,-0.0336348327183686,-0.23227969280623306,-0.1036645927785709,0.21811431199679598,-0.09931134769204975,0.03483743504404338,0.343674584878141,-0.004416380513003862,0.19621950833056892,0.5745184957808465,0.30751498961058377,0.644959771858171,1.0365121670419681,0.5442957613958453,0.40994126067021774,0.26816844278672675,-0.1303537411442385,0.4920551618572958,0.4515909490489722,-0.3825596308708675,1.5251035389084924,3.6980207950274417,1.7446548354302196,-0.45721698323329313,0.20446743622251157,0.5555405030639138,0.15842470515008827,0.5988963898050268,0.7288609303076654,0.5254601042912713,0.8655051067714947,0.9469417495320324,0.8866129731948107,1.1890861165408455,1.1770422991325782,1.1293105304540936,1.4201593647231918,1.3171050122428118,0.993498061930004,0.8341262123485189,0.5058439675517127,0.3753429523385347,0.5196636748626204,0.37171118509711487,0.3347566811956728,0.5201909008246275,0.3947262587201273,0.3847074975333662,0.5182898696777537,0.3185224387043117,0.37494467370885004,0.589405925135412,0.389944988644774,0.5490069365383312,0.834420126688076,0.39436243522603753,0.1134152311808424,-0.025444470014148814,-0.4070318202065463,0.021584409261448625,-0.011356179497513082,-0.9063202950496781,0.9944013056786134,3.5629687267948684,1.3142703678442207,-1.5690193634795386,-0.6057422404702739,-0.07876024795953968,-0.8653118389256431,-0.21485103972126546,-0.04663264236284108,-0.6049516796244004,-0.050633648507008605,-0.0291455438484384,-0.4155818246907038,0.16658329480029432,0.11567058065429595,-0.1616890134117448,0.20542429341848165,Normal
-1.3677947663381929e-15,1.0,-3.54524143318535,4.032381223649926,7.577622656835276,0.5724505050643903,0.5863006876970296,0.5470267524719326,0.5606548515283806,0.6971778712256116,0.5927060650195277,0.7373732976426569,0.9401141547090123,0.5350185591694548,0.27752413132742637,0.1130736121564242,-0.17948378776341914,0.2665325824019254,0.07007256150214351,-0.6399738025176254,1.5063900069905511,3.558209486751565,0.9841403729994125,-1.3331410249916658,-0.21630401561554968,0.01439831313160656,-0.6055273931373872,0.06584368368971931,0.05820441194379059,-0.3366683900241849,0.180252737761505,0.08774612000837623,-0.1360724781520949,0.3654401089286034,0.23930680355468054,0.07386105527201414,0.4835645999407117,0.249984824401404,-0.08493387346231666,-0.12122125614031061,-0.6006241940913649,-0.6802806872850697,-0.4098313759720577,-0.6921883974660824,-0.6253374899666057,-0.42052203713077524,-0.7821270078195109,-0.602346908019204,-0.3867152916957045,-0.8410228589381769,-0.6053148756732962,-0.3143466880771566,-0.6862758286803196,-0.2965915198646299,-0.10776449025728348,-0.8288166978369469,-0.7232106995862313,-0.7903146943595515,-1.3780762324447677,-0.6636556286904209,-0.9207006658058401,-1.9075012088006442,0.9047969679715736,3.1331144398364295,-0.37793511869455937,-2.7295801609960564,-0.8726833628885916,-0.7150163983563146,-1.6348694027083337,-0.7831500484781975,-0.7130113640025069,-1.1703715114532864,-0.5743109974589679,-0.6448537833386949,-0.8940839390811277,-0.33588801462341517,-0.42705748090469403,-0.5490378269561185,-0.07351531329755435,-0.3376296970699825,-0.6810552938567377,-0.6323896785661405,-1.0829141061058576,-1.1437002499740767,-0.8321307504109909,-1.1522343686671024,-1.075734413534147,-0.7745030250049757,-1.0959407397282137,-0.8777828979665968,-0.628759196535717,-1.0976808960281075,-0.8075322755102334,-0.42198664114647827,-0.6709013988619474,-0.2581749568621042,-0.4220239135546577,-1.2813715928251979,-0.7660853504111126,-0.8544800222349611,-1.6398130050563107,-0.47367127456449426,-0.7773906994207975,-2.1410991189547794,1.5062213368702149,4.032381223649926,-0.8917517221969614,-3.54524143318535,-0.5434648246959733,-0.267078736040775,-1.568290481968786,-0.4668575815432926,-0.3887320922813945,-1.0151855039407816,-0.24103611032776126,-0.2838294838574338,-0.622025874044495,0.03316429178293179,-0.04233022724800741,-0.20655719433530645,0.2826716523538938,-0.0895769014158887,-0.5354761589448805,-0.36692833616373294,-0.660037602453313,-0.7083045873577862,-0.38522772241984277,-0.6417708647365513,-0.5788157537127411,-0.2385529618520482,-0.45832342639190965,-0.3167022991113187,-0.06395103394382934,-0.3651790655972088,-0.1592527745677815,0.21080437812865865,0.189147913597226,0.5288327384117052,0.33766062603776026,-0.3462436737238858,-0.016643779011146408,-0.03824079073881811,-0.5329206068921163,0.2560766388403989,0.1243995180691147,-0.5619627922863669,2.115800055842698,3.810132411510489,0.24424249392990424,-1.7690569783393315,0.35898556539749576,0.7535016511970046,-0.1614355546845034,0.5575751137612054,0.7469998218017888,0.3569188095116092,0.895615760509233,0.9944579853450527,0.8107322836042232,1.2363275036432666,1.2398109875243066,1.1960831805728807,1.5352417531824964,1.199202606694481,0.8018443600198456,0.887392937675315,0.6269004911409313,0.5340068448383155,0.784842722830691,0.6281143829946534,0.6728263908135691,0.9105992230611144,0.687461983490758,0.7094172433273348,0.8669659958155789,0.676963184143198,0.8341753168653715,0.9958497135937877,0.9613157762470541,1.3509660093211908,1.1009006864557236,0.35553804620713525,0.6201297927598286,0.5739150112418008,0.03691085131253557,0.5764976717390592,0.46554031518123684,0.18756682705088654,2.511829050695487,3.3858274044648264,0.12719729217155126,-1.3492087650842932,0.32597094727175324,0.6116600867704327,0.04813960247935078,0.4447910010425231,0.48403588159030364,0.30821489930519974,0.5498553133233981,0.6007912805259243,0.609015003706537,0.6751990193363139,0.6672767300106578,0.8236513816788321,0.7910709420838482,Normal
2.486899575160351e-16,1.0,-2.5406689610582696,4.2314570643467935,6.772126025405063,-0.3042006826131929,-0.287500106892749,-0.14153400702147403,-0.15750773084619216,-0.16695662981415993,0.10136293889556607,0.3476840793230822,0.5766061979956175,0.5559345112233743,-0.027866556450415796,-0.11982407418896453,0.1103751440665378,-0.3389790542406731,-0.02191500634568864,0.4701493563699307,-0.45811141311665504,0.9746150469601603,4.2314570643467935,2.2176416728391755,-1.7968369519579224,-0.527548987472085,1.2654374172011897,0.061664199272743796,0.2708068577293507,1.1099118860172972,0.47918005860276863,0.7933154307115924,1.3372533971160456,0.9095261126757983,1.2678332467014155,1.5910159554956567,1.2767568528305409,1.6930902395968037,1.6795348753073376,0.9798008380936251,1.0646921997612313,0.9560135554644468,0.5688670638569031,0.9188890138525775,0.8929720711506127,0.682326929547796,1.0904411039464357,0.9629525422623265,0.7439364681759826,1.0797034118690667,0.8988332114890666,0.8476772334063241,1.2285588356741883,1.0982571913302746,1.3801729192994043,1.6034349067650733,0.663882310408796,0.5542074792330741,0.9395623575828105,0.20991191548549182,0.4238083279988034,0.8877367433537016,0.10101163479641254,1.712984203981742,4.116990854590097,1.6855614201582672,-1.3861423752235729,-0.24598867703591204,0.9038906775812408,0.2668354197117558,0.3858709736357518,0.6757115433467639,0.45454349476076683,0.592120226762811,0.7468756890376939,0.7441678517092268,0.8214662603756911,0.8117594850536451,0.9118817452106481,1.029632947293461,0.8567259918152604,0.5410097573479937,0.16220290257357162,-0.01789629706007616,0.006272060709368888,-0.16573590632450946,-0.15161151082569763,0.01758339992010147,-0.1681498824354071,-0.09460132436177451,0.06066223464477291,-0.28378717216982047,-0.15663887032432836,0.13627517141260387,-0.1324416988416879,0.15793788838283856,0.3698694358725979,-0.27610939059823303,-0.31255056644522894,-0.5025140884708772,-1.1000194526840865,-0.26855062295046334,-0.4308633917870968,-1.6092508734384117,1.2051126687185145,3.784454011258665,0.19983815215765127,-2.5406689610582696,-0.7149102148290697,-0.4426901150255542,-1.3876314168410042,-0.5710379594937025,-0.5271855832932774,-1.0107373336251044,-0.39091709291238547,-0.40848339693923774,-0.6785471648405549,-0.18321296500127354,-0.22265191321949715,-0.3379738321319114,0.038465343292809484,-0.19230435539500262,-0.5736738139040765,-0.6357087374552806,-0.9664083628179008,-1.0917166010021462,-0.9410592433772426,-1.041476863036934,-1.0094010627779009,-0.8847342148557555,-0.9449445948214531,-0.9113617227681401,-0.8961889284960064,-0.8838224862910647,-0.742677997423502,-0.6730178908304487,-0.41145379873228893,-0.2328008841053236,-0.722936349906368,-1.1183385859184527,-1.137694993346154,-1.1951193844105383,-1.0647169645367434,-1.3183810877401358,-1.3728176738509763,0.5400455013213946,1.7794266893972404,-0.2228782845639231,-1.8584559948726893,-1.3438558671210676,-1.17678758837009,-1.2161760824391632,-0.8258211951718505,-0.9713739662298192,-0.9450836912999147,-0.5961999553545724,-0.7402519956003933,-0.553620275043607,-0.19543534903949727,-0.40775763483717425,-0.21364746409363292,0.12370695419820128,-0.2340201253208555,-0.46657877029783684,-0.6176286678980785,-0.950485292967741,-0.8299935081834603,-0.814734668191123,-1.0232566649821495,-0.7363106596511134,-0.6672068598248337,-0.8331777712153425,-0.5922011166463814,-0.676193928034816,-0.7744581909550682,-0.3579810268846245,-0.31219559068631086,-0.14739532480185732,0.14383053305671017,-0.6370078460339085,-0.9780646456114059,-0.4717969658519709,-0.9865726236982911,-1.024423614265995,-0.34228116439743406,-1.107719952684709,-0.24811031789026336,2.7445245870922546,1.5490855067659266,-2.1668909749398515,-1.8097051396064665,-0.1305825483614572,-0.6575690857113026,-0.756295878186041,-0.20981670862678084,-0.4237375569211922,-0.32748312596545004,-0.002581071496566075,-0.0815997191576976,0.07056156245974873,0.2766092929877837,0.277689870942375,0.40421986752444716,0.3347990277171444,-0.04556371192888917,Normal
-2.1316282072803005e-16,1.0,-2.773665661491214,5.858014054766999,8.631679716258212,-0.8505207930028034,-1.1555020600756007,-0.46041147784302094,-0.8616194055157085,-1.0132424043787687,-0.4473837428085933,-0.7568137149286575,-0.7070217133802276,-0.044718934916259216,-0.40171050560406574,-0.8030685024860187,-0.7682775275200551,-1.1658640734421866,-1.0491758211993216,-0.7478105344004892,-1.398725624719849,-0.9877991010291716,0.9635914746589846,1.2163145596328666,-0.5617879379821877,-1.5246319221311724,-1.2207587928755705,-0.9853506746737044,-0.9422615479120972,-0.832714347299654,-0.7969764844013649,-0.734283820737741,-0.625518100717304,-0.5698369656399187,-0.4067383003231197,-0.2692503162285621,-0.28786021845559184,-0.1322209716260192,0.017903088415567762,-0.19393485382184844,-0.4553438683894537,-0.6373520580067344,-0.7699161957848035,-0.7328385407388545,-0.7740361299998525,-0.8173332513634642,-0.6375197413075347,-0.6270304661038247,-0.6642041813269264,-0.5353747682676387,-0.6335213890020904,-0.596437657783991,-0.3074897444704315,-0.2785873153051973,-0.039775593447980956,0.03172887796511679,-0.6927465252397138,-0.7629889987503257,-0.4366453922862098,-0.9590322464713757,-0.7523147235544526,-0.34418645444114077,-1.057313555025629,0.26601848955707363,2.564308705366637,0.6625472215703553,-2.1389175586218374,-1.1989531112740883,-0.11000349697363714,-0.6811743361124362,-0.5419176280972474,-0.21278226431238154,-0.38638532554640653,-0.211537283735299,-0.045867417037723034,-0.045656951875567224,0.10227191741259105,0.18899751694319378,0.2954077228404289,0.3433629709373156,0.179209425634047,-0.02956177843781081,-0.3381871779721527,-0.4482460672264614,-0.32635234778488686,-0.46504039895133675,-0.40171529277784773,-0.18163777446406484,-0.40380471413673524,-0.3015147752432008,-0.0771804527262815,-0.3935969313732227,-0.18225823329068974,0.14549198087629936,-0.05738644406536551,0.3142890011115335,0.1957633419685281,-0.6042990356454366,-0.12339093367681243,-0.19543659986810663,-0.9925316699478891,0.12143550590526615,-0.14798554420497703,-1.5097192045283339,1.9831335386128046,4.421868307519724,-0.2709423480186041,-2.773665661491214,0.007320227485249988,0.281041513576091,-0.8751172810216475,0.018894559928048997,0.0944115226682596,-0.38463919508629796,0.18033060895116712,0.22588103130607712,0.05368314247234931,0.4110435114322431,0.43677281144586816,0.4316041043742491,0.5811303444701471,0.3614453712115087,0.03681296257477643,-0.1808754274441764,-0.26430931074148073,-0.25951159469310653,-0.3091767584190941,-0.18046052906356402,-0.12946445056594505,-0.25103730263068014,-0.052636490516059266,-0.06021551759131873,-0.23005454659668592,0.09990472015475217,0.11321100884432567,0.09927040753088276,0.5213020198072461,0.0031314046546467803,-0.33103745624388303,0.19742434281621482,-0.5664966796468013,-0.5888456027913258,0.6348354710933847,-0.8722564696412933,-0.647152840593293,4.122839852717737,3.4781388095753827,-2.1235709822038564,-1.7265455344486953,1.041676962399758,-0.14891997108019936,-0.45213421851605057,0.6474597214200335,0.048983521729716435,0.051951365476829554,0.7097855117721653,0.37871554714220146,0.5299845964557033,0.9044958520992292,0.6735729672286155,0.8746804140234797,1.0348881408421966,0.636347480529911,0.4457061273121483,0.3633894672469167,0.2582021919996811,0.2892272632751055,0.30899846564559813,0.37778290820217747,0.3598287017657986,0.36078175909700194,0.547827746246042,0.47618851462785733,0.5308097242831751,0.8498783122817806,0.7425909350874911,0.8819604414947952,1.067747995106875,0.501368952482815,0.5783387451495979,0.6257327795440104,-0.1799990292935062,0.656363021511802,0.9107501177311178,-0.8641981968925901,1.8631637705004216,5.858014054766999,1.876790135227282,-2.370089912510336,0.2883468710692734,1.4161441276694096,-0.2833788578172069,0.63971622541574,1.106174688124984,0.22634982273998114,0.9293323287301657,1.0690222655868573,0.5309134373422122,1.1662673407473596,1.1643445768161225,0.818687819941192,1.2773203948241958,1.0478816470004277,0.6427681620183449,0.35422558885985,Normal
7.815970093361102e-16,1.0,-2.6317101820842326,6.733739454158633,9.365449636242866,0.4037107012742086,0.3143612577658022,0.6508095217849851,0.466462176796231,0.3565364362615063,0.8565622082715605,0.5778401932083189,0.5618314712624026,1.1904661777155965,0.8633355740685997,0.9868410954103749,1.47979800705474,0.624466166662495,0.6591864289317679,1.002143113355732,-0.18648249985236007,0.6292765520839063,1.4033788226808799,-0.9074546379988462,1.483135731257993,6.733739454158633,3.113726483480695,-2.4662101487878747,-0.10151958939562679,1.7852421730883572,-0.05034483463863505,0.5852874821829067,1.3740081227164544,0.45661033405301005,0.9925536079317712,1.3396656225956143,0.7563557707682695,1.295423195839131,1.4634687300749667,1.0449373925332408,1.4812228915054053,1.3793265381911424,0.7556191003441127,0.7832211366981999,0.5624140179973547,0.29228850930174544,0.5098870680882188,0.3836228561664624,0.31033079612213793,0.5692685943686485,0.4420922567602063,0.3762587587336033,0.5549183917924112,0.5163270062194676,0.6945284281761249,1.0623428333893197,0.9706402644781189,0.48929317996127764,0.12698893424767113,0.10396707797120208,-0.032529164987852646,-0.1757948772859628,0.10392753112150949,-0.15716179375385345,0.08550837325028084,2.617001727558603,3.1077784439049467,-0.5791202070726145,-1.849043603775316,0.25100298277375976,0.15903837300048604,-0.6220041310847036,0.21641337429251245,0.05194218867782088,-0.2809778770264379,0.42354178504005774,0.21037339423906481,0.04682801265705515,0.6324232388836799,0.3585259811632935,0.3255953464027083,0.6888582307192742,-0.07669709177364917,-0.47766981768781897,-0.266200388888727,-0.7746635431942034,-0.7148779204629925,-0.3500222152182735,-0.8169787192927643,-0.6295501040134913,-0.33372492057994513,-0.8587646816532313,-0.49267476890896783,-0.13171181298851922,-0.6696334910240314,-0.19156182962405605,0.12009882332221596,-0.6573809980068772,-0.5360728127373869,-0.7786354966745859,-1.522842275340009,-0.5465952274980829,-0.8313047995159822,-2.1672251127720785,0.7731427087194273,3.2631520890599877,-0.27210189483840524,-2.6317101820842326,-0.7812677997846325,-0.6254880599010909,-1.4898101913344743,-0.7033060382031281,-0.6553854011883106,-1.061877649650685,-0.5037742445217749,-0.47374181565127854,-0.620252097219492,-0.14748936239178242,-0.1716432809507851,-0.24656097915460673,0.09368841285790395,-0.13785821909858956,-0.510950383844088,-0.571143596147659,-0.8899891234368095,-1.0375545969692175,-0.8881980487688746,-0.9748080480245578,-0.8989944014399781,-0.7363307485544023,-0.9042487732318994,-0.8093056768508815,-0.5633798043767031,-0.672092982683927,-0.49280706979098676,-0.08679416153585755,-0.2693963580483505,-0.6811557859025855,-0.8782333285188746,-1.0192100272240843,-0.9475330461515151,-0.8853487742736902,-1.1451567691071127,-0.7109474847973577,0.83024514379541,1.35184662441968,-0.3601792755811545,-1.8787107683620758,-1.3893958859780775,-0.6398610723077912,-0.8017317093759303,-0.7965734491346472,-0.5235241683021142,-0.5311362447183333,-0.4214217104514984,-0.2216605904462049,-0.18967037712101437,-0.03660638949999154,0.10054152615831032,0.1445625511314036,0.27883117531348794,0.06716278977061245,-0.40680813010815436,-0.526982479114439,-0.5667729427435603,-0.6747332883564993,-0.5874817494211734,-0.5748800142622545,-0.5978315831527592,-0.4644775116127516,-0.4404355841436656,-0.3774523021243561,-0.20675642991330415,-0.11417659118393969,0.16151928906172175,0.2174422174879978,-0.32647324975666714,-0.5988565751255539,-0.5089257120358883,-0.5385567137290097,-0.519435255730591,-0.7458344722765311,-0.409781521864145,1.394237807542972,1.837783546704791,-0.2829808747710514,-1.3509755235385494,-0.7060101171529415,-0.5300744027993118,-0.4020853855464574,-0.16744607308271425,-0.32752862432629304,-0.06104672600085166,0.10638123448307486,-0.1586790562020538,0.23741055393354302,0.46935883100569226,0.1998633959607602,0.5770518504799588,0.6110086314732961,0.07100295680656982,0.13015048887060865,-0.18572883464805362,-0.656477107467002,0.004473794810501059,Normal
-1.4210854715202004e-16,1.0,-2.804848691390551,3.0818298660322587,5.88667855742281,-0.6277034714025377,-0.8549426411756467,-1.0534851152456257,-1.0656437648636718,-1.0390718090289657,-1.0636447107269722,-1.0229960046424225,-0.9398687424550127,-0.9326456008878728,-0.8326567146457414,-0.6935460431825554,-0.649901633193345,-0.3702280724544707,-0.1339118774259765,-0.513073772514731,-0.9326654765996462,-0.9974592627501782,-1.0084780593015334,-0.90071022178544,-1.0687524891216347,-1.253031784445667,0.11391654673473657,1.6234757460135723,0.43431046306736104,-1.5462688072777644,-1.5703091291645808,-0.9798261074913402,-0.8883404395267126,-0.7274733906466186,-0.6768462436898373,-0.6173806906125064,-0.38732482862363826,-0.46119191939810134,-0.3939804879403673,-0.0387567995175797,-0.06800810375137567,-0.0301007375478394,0.21109084571760928,-0.035887699541051046,-0.3344736048572875,-0.48785974100031343,-0.8358303745435879,-0.8289155253672392,-0.6742436159410298,-0.8665781541029036,-0.7461663645712541,-0.5837838561946891,-0.7485286881104272,-0.47261547964617934,-0.27998028716963747,-0.4463503323500848,0.013108632925671056,0.183916640286214,-0.40606538039843537,-0.47696749791636733,-0.6932421789475467,-1.0286042860920028,-0.39464262299107944,-0.8099093864397664,-1.480760356234198,1.137200896762413,2.924693471027659,0.04940652397942129,-1.791305295726524,-0.5546007367678826,-0.5646830355916951,-1.0255811157238617,-0.29696170115028653,-0.3741426531387413,-0.597583124396564,-0.030451559594903723,-0.11728947114805405,-0.1685109836694429,0.3976633753380647,0.3183011623548716,0.2569458501630366,0.6554840682810371,0.3867982214390641,-0.014875457706115475,-0.07169860198217898,-0.3826155673321621,-0.4455646692678747,-0.2558469605776827,-0.3777403714273608,-0.24380795441934258,-0.047392422370463,-0.21235495673839683,0.0230535288376612,0.3079608110742453,0.20048471119160902,0.6061713420195441,0.979661822308516,0.5493882851751232,0.2761355716647463,0.11524626265714771,-0.1535043721447855,0.23548456105410204,0.25041213253237227,-0.26722262970964256,1.0926379137498357,3.046920840367608,2.1728839943178655,0.1972622368728926,-0.01915070337966612,0.4297366871050645,0.5191263864883991,0.7514100309031496,0.9039475136570052,0.9134979147903957,1.1160332630147667,1.2517095802114453,1.2992557482793856,1.5000855064631478,1.659732714767581,1.745070165455932,1.8866375236553727,1.8891135788824185,1.6406469160127586,1.308059694691072,1.101772945954658,1.099773402990811,1.1273936965601714,1.0835609353083206,1.0898169091222256,1.1599716034480734,1.2409389360831966,1.2810687225496908,1.250257490445946,1.31856254234946,1.4509239387844979,1.4770009644166333,1.681001472666083,1.8942677541088424,1.4594483844789323,0.9142795627706083,0.9303399700086282,0.9113177206317709,0.762450730308866,0.7721304196840174,0.6619058852245091,1.3623594177944902,3.0818298660322587,2.919534485327963,0.49200141369269135,-0.4502597112885216,0.511452179564891,0.7025939306244996,0.3852797547785241,0.6120716877651642,0.6319217459883626,0.5137980774679619,0.7192268531133637,0.7846395945195843,0.7869317455790604,0.9206662978734244,0.8836030193675466,0.8638947686136271,0.8120446401062248,0.3460437247495087,-0.0746006290855251,-0.18828936380379732,-0.3625484321889328,-0.44868943693931423,-0.3894963926985405,-0.4629300019943557,-0.47681153977123164,-0.40681982467406724,-0.4762481216991922,-0.5135684138254865,-0.5110315058510517,-0.5693250481298021,-0.5555509459879246,-0.5049296285389734,-0.3211924888160899,-0.12346853164049418,-0.5218867373612245,-1.0600490914084504,-1.0273228407239858,-1.0900154290560993,-1.2764523020070084,-1.1299670785859282,-1.271232921758222,-0.807885458066752,1.0153479633805567,0.9911804950922726,-1.7542835899239497,-2.804848691390551,-1.4864980876484932,-1.2086565638500333,-1.6797426404012687,-1.3555928643063686,-1.2202398529666116,-1.3831092526818327,-1.1578105683345652,-1.0700370466259617,-1.0996286932280466,-0.8709810755228151,-0.8374148725405385,-0.9217639862969605,-0.7229909405842609,Normal
4.085620730620576e-16,1.0,-2.272518767222189,3.4503267565972635,5.722845523819453,1.6140514485382937,1.8259944039552172,1.5202223877291088,1.6955253936489645,1.865889138257702,1.7410714649520653,1.9678270652421066,2.2318393151429663,1.9542992875271683,1.5192301323626356,1.3484212741240702,1.327801771727289,1.2977998572662286,1.2362483620809441,1.1074606364788937,1.4142371164100547,2.7294629138644355,3.4503267565972635,1.8336549792756995,0.14948541907937019,0.6429454067566489,1.2875418420536235,0.9171324400981844,0.973938574927788,1.1950268758097482,0.9751514038469047,1.097598242864183,1.2886768112173477,1.183975471428866,1.3240587854268906,1.390392332365188,1.2577676959042083,1.3261364022794058,1.062917161410336,0.5383322991915829,0.43576398324616405,0.3207039035862052,0.11831408461752557,0.22687406516195086,0.19334803292416397,0.07850663475859757,0.21917374672516168,0.1700848075313845,0.06422680984717308,0.15298752331116644,0.06432924266185504,0.020615276941073856,0.136807965301573,0.17339761398188572,0.3928521233495499,0.33480945815252944,-0.28230819149138375,-0.41013164485709913,-0.288361448886144,-0.5776187545490293,-0.49277165332303235,-0.43823982991134036,-0.5197034769949088,0.8568759124038676,1.845579874731306,-0.11162555547030986,-1.9088796154667036,-1.159771030125783,-0.47174806195900004,-0.7997529330466802,-0.7559024320288403,-0.5534303273897153,-0.590704815008427,-0.5360586581604299,-0.44355111203527386,-0.36124877253368803,-0.2862572116077715,-0.2370897215939722,-0.1402916664966985,-0.1943542912253388,-0.4316602349942424,-0.6744965482787385,-0.9455220352365017,-1.0639250809466527,-1.0592966306353708,-1.1806086829695333,-1.1370800179982867,-1.0417247458263854,-1.1853722957006059,-1.0743038152680437,-0.9552594562138709,-1.203747382621084,-1.0598797328287752,-0.8527342607623865,-1.092717146339937,-0.8175262418976805,-0.48943470312729226,-0.9292772997794005,-1.1332104294833685,-1.2892070730048006,-1.6412697397901053,-1.1744014873673303,-1.2569112277981962,-1.950060290768619,-0.18207346387374324,1.7585437288661028,-0.12679274310419683,-2.272518767222189,-1.7180791286515482,-1.285569282734534,-1.5088461832360331,-1.1226534906402956,-1.0684274702659617,-1.2435612066644606,-0.9517500867306495,-0.885021052274986,-0.8909488883768767,-0.5978678711467825,-0.5532584152817194,-0.5692061687891075,-0.3657317276790344,-0.3901579571062802,-0.6459312365402683,-0.8646658905364037,-1.019321041967436,-1.0980230673027633,-1.1190577878721149,-1.0485368966785589,-0.9563468308337435,-0.9222497142559721,-0.8212010541286144,-0.8052221517827293,-0.8536099173854123,-0.6561529324581525,-0.5669219021482372,-0.5514914198176915,-0.14193456142508934,-0.07255592450387503,-0.5292521371540676,-0.7105501688579493,-0.8906146750047649,-0.8683917143235012,-0.5017466843433965,-1.065522867534363,-0.9264385079978341,1.533631107593369,2.042165647353381,-0.6393284248280798,-1.446800702429995,-0.39771139551233387,-0.6163638388932596,-0.6391660663857474,-0.0690499779357654,-0.3759096733199136,-0.3239720184080578,0.16435280270363056,-0.0538072951699613,0.059267874237389113,0.4482148738779634,0.2885820943739111,0.4880354309991344,0.746808179152369,0.33297230087150925,0.1085890104267603,-0.034586073064926594,-0.35713436466557974,-0.1991590262923333,-0.11706101739610772,-0.31337944035521026,-0.09236810059839462,-0.015950761465033422,-0.13201475645974534,0.1121079961829743,0.06103152379167346,-0.06663499989806078,0.28692542469668264,0.38678007841631284,0.4790524730268779,0.6975317396713353,0.16558737674316265,-0.14473814604969476,0.15012013509420996,-0.20264324522853278,-0.2341220944977139,0.19615790658957027,-0.25732926110553456,0.6961965286988798,3.0423689209066005,1.9160047288161546,-1.1254887897295252,-0.8965125152904916,0.40584776826161145,-0.02612300018365619,-0.11076783415265866,0.35281219043521045,0.19154885712095968,0.24338366682636553,0.5224715711527708,0.515308176094612,0.644668802883078,0.7961815670261791,0.8835083326212471,0.9950875008235763,0.7812651130574145,0.8649502132790113,Normal
-1.7763568394002506e-16,0.9999999999999998,-2.833045634826584,4.732643122636367,7.565688757462951,-1.4371552106074992,-1.4073295129463388,-1.3334707268197654,-1.2992453266581148,-1.2743423151270636,-1.1905091917731265,-1.0411097225898662,-0.9551598476285286,-0.6625180367057546,-0.6003136709623281,-1.0636372771749596,-1.299821673663531,-1.3578281509965948,-1.2748374718133801,-1.0870659451840499,-1.6202788369962344,-1.0863357012442543,1.3352520901984737,1.1789915619824993,-1.5685184322827062,-1.7839205935198867,-0.7617341363520141,-1.2411966947399782,-1.0392024402615248,-0.5068143476624083,-0.9898685312314361,-0.7289485329396533,-0.2854226235940511,-0.654878351068056,-0.35517777593715855,-0.02275804558651444,-0.29767007572372084,0.06837702793019404,0.21982226403877095,-0.3183715871469455,-0.38331075474302573,-0.5821763088162898,-0.9255355826814838,-0.6173908204438715,-0.6491187621818538,-0.8596726812272727,-0.50594779181643,-0.5551061792326152,-0.6593724952633455,-0.31850778001749114,-0.5088239261961497,-0.5711062215408045,-0.12221962976263372,-0.1604966515841191,-0.009495800487543535,0.18693492857398938,-0.5012293958348624,-0.6205776279540646,-0.31821317170749647,-0.8288626866368674,-0.6442031984696522,-0.3000809852991021,-0.834532249418127,0.6361011890202625,2.658635705401313,0.6991458029247984,-1.8446349872331842,-1.0354316396079841,-0.14130377265105787,-0.6162273497611435,-0.4933198995981702,-0.2061011387955101,-0.3217982009367375,-0.19585950438696267,-0.032045878334249815,0.03745522241959129,0.16192519289308852,0.2526860327146454,0.4009072585453062,0.4525284399836471,0.27917282675889654,0.030718411994797815,-0.28737988701512385,-0.38482073454473137,-0.29571096075828984,-0.44482387352512115,-0.40658265254649956,-0.19751275398422138,-0.3416757545494901,-0.2572955336572212,-0.08272434655203646,-0.3447080465675247,-0.17017469036610194,0.09846750776096988,-0.14147898746097137,0.17138897052141344,0.2803274682336401,-0.3511246470647179,-0.15385288049495044,-0.3002048476160577,-0.9624672092976302,0.07799079845670365,-0.14614211612847142,-1.5822886168546435,1.8184908681537768,4.732643122636367,0.10462515490100027,-2.833045634826584,0.17054836995634248,0.48566038689494423,-0.9949160972761286,0.23645550482949945,0.33048435307831364,-0.44489254092412717,0.4924559169227259,0.44716284277964347,0.04262346131573337,0.9061948093412447,0.7282722918047022,0.46741158635858826,1.2379629966328436,0.8361884931200628,0.2826637894188181,0.5427018246976364,0.08068074301104415,0.016420307566296567,0.4838523368577789,0.044764282724903195,0.17164569560606574,0.6747292454006911,0.2362277698415059,0.44166373306594064,0.7688442135249705,0.22484260551268875,0.616378091996143,1.0102875733102847,0.5937726249028947,1.1494676046916004,1.1102191309075078,0.1621762983225041,0.7130863463004887,0.6344743244304849,-0.2090192345482359,0.9214973382641698,0.69144750459837,-0.45408188744797945,2.687920796799835,4.40408643179753,0.14123113219056485,-1.7185230430098835,0.6778778281663879,0.8958314440684753,0.07131593732247402,0.7241768719248098,0.7862482395557687,0.500742971927016,0.8238538087092192,0.8910806023034146,0.8853427305049905,1.02300918249701,1.0378720141823246,1.143004695837722,1.1534273792211056,0.9592623445088041,0.6781639245424794,0.347534673373442,0.3428316980571628,0.358990311892091,0.12360189915970878,0.2564901670264732,0.3519196577989051,0.17100885517121384,0.38073708220768054,0.32041489224199327,0.07084045135636824,0.46710663390607854,0.4312331103827718,0.27401045656380024,0.8223508122762998,0.4394306456498693,-0.07773516048839436,0.32000845681957185,-0.3985440967955413,-0.5055682982192502,0.6644921339155774,-0.8072815812688221,-0.726729338612274,4.04751821434463,3.5937690427595324,-2.2082399480468613,-2.0418700252225275,0.8387594160526274,-0.42562576141518293,-0.8237239050830554,0.39499475888939517,-0.3214287364066455,-0.38947788567628244,0.358139278041877,-0.1717888134847619,-0.031707065539803396,0.4717456515509229,-0.06655976772620721,0.17052207809486616,0.5796459525512725,-0.5085256896157789,Normal
-2.4424906541753444e-17,1.0,-2.847905255689916,5.377116995696182,8.225022251386099,0.6846785806433123,0.41817974613747705,0.8122504624127092,0.6721249542996605,0.5627265376463866,0.8807775212121773,0.5789183606591197,0.5322205517008984,0.9874552281846831,0.688393126958391,0.8219922202568286,1.2827828707008617,0.5407651780517609,0.43382396985616845,0.6658245365161367,-0.30532979702359453,0.3313370956530356,0.9359674821086652,-1.0020483185878462,1.0161131280089437,5.377116995696182,2.121826901010691,-2.659182919039176,-0.46020403590944614,1.179686199769965,-0.515333399021105,0.04223917817066041,0.7247275017638316,-0.14673712315036783,0.3215396368587781,0.6559720589236542,0.14830204198690017,0.6072295973445048,0.7128065191129674,0.3456227579320292,0.7579294643658903,0.656838373285793,0.11693606778185474,0.12428533235657536,-0.11798632685911038,-0.2902475368056643,-0.0666098476125309,-0.26933463173409977,-0.31514580388980507,-0.047995580075968124,-0.2312590805976136,-0.25447343154718943,-0.03912038878325898,-0.15841999900197284,-0.0463161670958526,0.2806510854616109,0.19538265636384658,-0.13721110936087333,-0.41131483924740975,-0.49052094850190386,-0.5837594998138397,-0.6788517976054428,-0.47576800734539454,-0.6926185101409164,-0.45840910117822076,1.7345116335289932,2.11040648534648,-1.1860371042150841,-2.2292399525939914,-0.27340698301960553,-0.42359104077244714,-1.1321266304402042,-0.2735801811523854,-0.4458842351808572,-0.8060973755591933,-0.12209994097659198,-0.3198441000997403,-0.4928986216246383,0.09321506203527101,-0.16025951565063795,-0.21850113447063882,0.18866150858026826,-0.43242418123167525,-0.7560095781687145,-0.5171670790168438,-1.0004613521373265,-0.9697371996124624,-0.6037415173857125,-1.0332283253473304,-0.8466893026476818,-0.5151925821282632,-1.0285048092645654,-0.7312464530035865,-0.33161861452190217,-0.786482623669501,-0.35797535449729195,-0.09104398615521601,-0.8529229106420045,-0.6954037927128801,-0.8401599839205913,-1.5439008175134412,-0.5888639895202828,-0.8309071521134211,-2.136033287801029,0.8647302690259887,3.3769709308517104,-0.4076953948041767,-2.847905255689916,-0.6780189274547198,-0.48213962944186034,-1.5375892597746033,-0.6695026856437363,-0.6043897443545578,-1.0981628755510449,-0.4587867477382651,-0.47991462816290525,-0.698765669013307,-0.11214260524629616,-0.22393890686181692,-0.39733809458849256,0.07730790536438333,-0.18883395377221754,-0.5979723301092436,-0.5248120897259275,-0.8699743754069975,-0.9599986378408274,-0.6797082948185846,-0.9267079156131232,-0.8561245004633282,-0.5378814975705486,-0.8225514285533645,-0.7165630104290428,-0.40732045125541394,-0.6855093649255413,-0.4025159598016022,0.07116097831520803,-0.35010059170751595,-0.6152833933017758,-0.7311013326224615,-1.0736099166419173,-0.6847050464925946,-0.662770574934201,-1.4054602997692056,-0.2952402893444672,1.626520391732006,0.9678829030094586,-0.8199196794491961,-1.1738172179903719,-0.8529837670405475,-0.7451535100714007,-0.6649013262317729,-0.5599326390529265,-0.4314006661922147,-0.34808886498988173,-0.26601858049059707,-0.13018439703279178,-0.07777774784839009,0.0039556941715026914,0.11094194669642031,0.13485112831915833,0.23571669658227765,0.11258556745053809,-0.30765951110942136,-0.4104693248536373,-0.40692699924748676,-0.5303328866452762,-0.3639025626441683,-0.3016415057434974,-0.4142568907508889,-0.1739475097462275,-0.10791307121821471,-0.1951193652416612,0.10845992847754636,0.24041135841337707,0.40736744348079906,0.7402067510022465,0.2394018482950636,-0.12459556003290756,0.26709195693529486,-0.04253929228887107,-0.07220931138153121,0.58680175237259,0.014405751299186309,0.507711549940548,3.034131159513628,2.3589868683473343,-0.7523750170082146,-0.5317780997624572,1.1013709701820622,0.7989943329313598,0.6770015759248569,1.2389363731862415,1.186831220512486,1.2141967541280134,1.4927279852851056,1.582836943380317,1.7309261869276233,1.8509728251266464,1.9405467629372255,2.1018316418534657,2.058434180023626,1.8318306738143624,1.6487589398589773,1.6253642813536242,1.4129798564802636,Normal
-1.7763568394002506e-16,0.9999999999999998,-2.718285315754224,3.259657291790121,5.977942607544345,-0.5313023947866223,-0.6112474942175454,-0.5153797635136937,-0.5784324163944135,-0.5885207610651877,-0.38476377867138417,-0.4918104121212688,-0.5001165759441126,-0.2732394832912324,-0.3908515527355325,-0.2959820584615591,0.08911067284212541,-0.08997058193941604,-0.3851612962989404,-0.47234982825632127,-0.695948412427209,-0.5217589938857005,-0.38386298190018964,-0.92059231843479,-0.41315119754363716,1.1686658071912894,1.0718920125231326,-0.40439986413514073,-0.8595830912447997,-0.5671220566205044,-0.525410251540737,-0.44859578826870145,-0.3266666208771494,-0.29976524809786154,-0.19202451524580455,-0.10423084427106133,-0.07345615502122993,0.028238512863844194,0.09762888405539048,0.11337862632611086,0.2000859940696729,0.2725785886835576,0.15821781379446984,-0.07912042507362237,-0.22673505432640859,-0.26870123822472486,-0.27961919679775404,-0.22497683829977935,-0.1852640917428059,-0.18733456096655957,-0.09882602706082458,-0.030145061204125478,-0.018876113462501704,0.09870895329316212,0.2286969233569134,0.4139361482869746,0.6009334604681292,0.3331903528792407,0.04013085461406714,0.20002599051929765,0.1055757043086089,0.028585499160116767,0.4275665724921297,0.19932825626665143,0.31082510000489477,2.077872973740512,2.2427770978865262,-0.1597565942605351,-0.6309828835864645,0.8651058180064524,0.8249321136631226,0.44930093996294146,1.0538376052109562,1.0426306379371915,0.8814179776437113,1.2909003925480365,1.2899344193022984,1.2878511647840614,1.602268723328984,1.529528206619993,1.5919017953680892,1.8000170367955632,1.4679384794376262,1.3013642491535709,1.4094858454759425,1.2319513392394879,1.3031712212413935,1.4432453252263158,1.2395187104797247,1.3889560656797122,1.5847602738302768,1.3977755076600455,1.5313415439825082,1.6989337675875298,1.6757418490041123,1.9389215367389934,1.730684186415788,1.203504859540605,1.3912233023288318,1.306097992331455,0.9623585875389712,1.3997420724745315,1.2127800391316903,0.9641496269555238,2.7045591633960324,3.259657291790121,0.7852147360107595,-0.21869921105328508,1.0787905217869864,1.2157527635198342,0.7427523984302469,1.0613237285102912,1.0629158173963098,0.8911119475761912,1.0952409001619943,1.05641507560623,0.9708466864866099,1.0978967423074648,1.0479217338332614,1.0058934341597188,1.002579490730737,0.7268087289879983,0.44482723969356414,0.3233326127484972,0.22289641588776285,0.1855291256412214,0.15587756834794558,0.10574608866919467,0.10522735004309407,0.08692791117852194,0.08535290361335027,0.09948718765748846,0.10776847629337953,0.28376544346556365,0.3596639010198367,0.0027081388144334292,-0.3508323043345357,-0.47105331998754213,-0.552440529020394,-0.5374408520247987,-0.6710796120232125,-0.8264519958079494,-0.05576307815001329,0.9554358075230364,0.401728822282497,-1.0135244860830521,-1.3795091407528894,-0.9773934026870079,-0.9003758370461866,-0.9759185780985801,-0.8617878413159905,-0.8077228007249435,-0.8552690981037357,-0.7997928159285774,-0.7173963927020323,-0.7166059491953128,-0.6950962953841442,-0.6285056078915228,-0.5905553804073368,-0.6613154620520455,-0.9051475388532372,-1.156957118283405,-1.260050093156195,-1.323430799944706,-1.3454491769895163,-1.3045110256073562,-1.3189317773022602,-1.300967366186944,-1.2581641375854145,-1.3118398789955168,-1.2577570444066042,-1.1224225927944584,-1.0331643847665348,-0.8411490667876699,-0.9734658517015332,-1.4671851635793571,-1.4349713263649981,-1.3311551440855438,-1.662611941771154,-1.4414571900535187,-1.327428718142691,-1.7375349641549422,-0.4359188592738294,1.0689128936332106,-0.750824700166106,-2.718285315754224,-1.6683988629491386,-0.9453156846574033,-1.5598263443132263,-1.2444864143589929,-0.9653031549561863,-1.3108070327677201,-1.0106699087746325,-0.8185107748651119,-1.0174352068458552,-0.7340001404799754,-0.6753277464431146,-0.8460651046870419,-0.5638483736741766,-0.6774521428388196,-1.0679869824642616,-0.9451362016267071,-1.0377687472296466,-1.2130424510193412,-0.7793657948042688,Normal
-6.750155989720952e-16,1.0,-2.65925251418192,4.994141188964112,7.6533937031460315,0.6159854786358943,0.34709824890724,0.5814364976499093,0.3472537824264434,0.2136955717085214,0.4692577540404296,0.23180153108488208,0.19595194730694054,0.4448364909083754,0.20309195248627965,0.31710110185698753,0.711866646992888,0.37743602508883267,-0.007597617999573796,-0.1624010429852761,-0.4725866477156136,-0.4109925011754757,-0.34025856941832183,-0.772151280840004,-0.5050687613690593,0.7179532453690007,1.1595854549004163,0.03739275040158694,-1.2384084380383509,-1.2498889832246585,-0.7404352404227525,-0.8413154146302625,-0.919185210716851,-0.6582355639881641,-0.7262323914567756,-0.797132214192838,-0.5940209893881299,-0.6089195457480193,-0.6364339113015738,-0.5006030431984139,-0.5021852248017079,-0.49396748823268244,-0.5838583438420788,-0.9595507454978176,-1.1587032373881836,-1.1931968757146318,-1.3190162468546132,-1.2794748910822056,-1.22351929154917,-1.295211790912443,-1.2139915271852453,-1.199973799668486,-1.2803743097314035,-1.1265156277170185,-1.0072319318327005,-0.8871962714149487,-0.7087594239942697,-1.103176485349711,-1.5126836402378334,-1.2776683625266338,-1.4173635580469106,-1.6495306048761527,-1.2328774301429766,-1.5035726164565921,-1.4612097629482468,0.626453359907754,1.0097752355188592,-1.8235615063144155,-2.65925251418192,-1.0577059577484746,-1.0999242413483,-1.5681176816707403,-0.9182130085413217,-1.028924983713051,-1.248236250235761,-0.7215231958753,-0.8204967992761019,-0.8963646656805062,-0.4749476560202355,-0.6781171167330515,-0.685094251464774,-0.3372000273219664,-0.7865116076423698,-1.0065639755525844,-0.7819501481917268,-1.109101843720085,-1.017390687632079,-0.6608155800179984,-0.9658772384819132,-0.7897469704091037,-0.4955753082594917,-0.8835685689720044,-0.6108022021120691,-0.3017652535697909,-0.6854349444223456,-0.2270966865661275,0.11322995084395143,-0.4808404068939333,-0.365579772231109,-0.4996969074584809,-1.0164372643869675,-0.17291148141570586,-0.3768693166945004,-1.3775795353830196,0.991557304255203,2.883473390656979,0.1841103984954575,-1.4999828585143131,-0.13156690208460226,0.006195351056276728,-0.5282984734594621,-0.016887912139257714,0.08151913216156383,-0.061214140841221835,0.22751831919692997,0.29236472079960124,0.30827433653136876,0.46910286120095096,0.5022733677770314,0.5553418778305476,0.6387748075884468,0.6564424039176364,0.49488486046885,0.20015785561018232,0.18102167901409535,0.19231641847645825,0.06800745164503866,0.24667825444720748,0.2910734757442458,0.15715455009068205,0.40555935567635315,0.35387866934402146,0.17797014191913654,0.561315639986994,0.5046091493802476,0.4253017446726299,1.0075198029937105,0.7476053328913856,0.34702410226240377,0.6370339726436226,0.006807562196152562,0.00901921372301619,0.9578101328756932,-0.3002135907706495,-0.08464189022380725,3.842179495836666,3.4827350573702063,-0.9468577950334301,-0.8636469193114588,1.1509930068161456,0.29531308330303985,0.11359187990668541,0.9486138176741571,0.5386573191310363,0.5699876315117676,1.0145589831416466,0.7256695117426119,0.8549043880666074,1.1495682017544637,0.9513985488945579,1.069090848180816,1.220177575860084,0.9820830424935072,0.8222418130586414,0.6918285874690475,0.5636064671921761,0.570429262598456,0.600650355666443,0.6493938897724537,0.6254904353724341,0.6592798610475529,0.7616625255607234,0.5917418770118584,0.6291277681216831,0.9235626651584663,0.8488710013368804,1.0004648862349235,1.128375517770266,0.5776929052759517,0.6231645350447033,0.6798122186572014,0.010006957291813133,0.7012829634427485,0.8946294091935314,-0.5983297090077119,1.6925708086325209,4.994141188964112,1.54831983515243,-2.017513676139159,0.35954753728079003,1.3254788259542254,-0.21549305957519865,0.5975625370243485,1.0174776226779427,0.18443248330332873,0.8545597225517783,1.0527418482250308,0.5003477147297126,1.0846165827829042,1.1243834276773985,0.7050576652992775,1.2048661420846345,1.0843184224701798,0.578691747312909,0.8042662694034497,Normal
-1.2967404927621828e-15,1.0,-3.303058422731512,5.222442106941844,8.525500529673355,-0.45013862298757584,-0.7440902846726379,-0.005007092125276597,-0.45220874197992483,-0.6321492144153397,0.184916649257284,-0.305339753034799,-0.22287502980907273,0.7097167393707878,-0.11644254043848029,-0.33246774669095464,0.1360447691298308,-1.0495642026294258,-0.5045850884133021,0.48183341785199607,-1.6159832768064746,-0.09175132964132902,4.660733636345171,2.381965066899089,-2.4346662924381426,-1.1429485179951357,0.5477248771346306,-0.5875033598421692,-0.34420461424972565,0.2872173803356257,-0.12296229176870083,0.10076249419639799,0.3521580266431175,0.18074462864244192,0.38837351769609485,0.5309405035206388,0.4919767815673967,0.5876172795886264,0.6249609580207801,0.5012905170669066,0.17110462992868625,-0.008500093343918444,0.03482781652653147,-0.12908355902399613,-0.04730090052137117,0.14714167620430868,-0.09520331531133659,0.07166232051757078,0.2563980237894229,-0.18034718599339092,0.10221047755657996,0.4713553151935945,0.14841245357737692,0.5908326651720108,0.5981264655569252,-0.2606375021898355,0.16422675325565045,-0.03270253377289507,-0.8802011781800401,0.44745948180210676,0.017566847711690054,-1.597708494754558,2.4867381521824354,5.222442106941844,-0.25221957689655033,-2.9753251687065094,0.28908792235163466,0.41391403604121535,-0.9398206696040202,0.20532395878288823,0.2071435064697126,-0.37262948931520523,0.3804559098603883,0.3258900013537141,0.051920983940492285,0.5623881601751736,0.4678176593407698,0.31613989267120257,0.6201543685381963,0.44979198115774327,0.11537280248892717,-0.015347419177327527,-0.13818703035396995,-0.15826116082289554,-0.14929369274364565,-0.08453959298996262,-0.07258038785250577,-0.1598294327383952,-0.005256435107266493,-0.028135470930339586,-0.16911913567369147,0.19048754228107032,0.2808106775719385,0.24126312836894284,0.5636014516801229,0.05322377413753244,-0.3150169872458938,0.1253635751302258,-0.6107425108281129,-0.6203450172483328,0.49427177580102016,-1.0827395312188266,-0.6345565300040779,4.478379129486179,3.6157191273026656,-2.4745819104262643,-1.9612515524690062,0.9296481578082461,-0.5740509305967662,-0.7968863363726778,0.45776552236071966,-0.4020853141326705,-0.31333400663543765,0.4669337178981153,-0.17515145034087728,0.04135575885264744,0.5422008739740293,0.02819349550702999,0.31100182525183423,0.5642300921779226,-0.10115811377068885,-0.1777002928809346,-0.22112602449311564,-0.5670545233254188,-0.32428700590405274,-0.29733627094558723,-0.4751470216861927,-0.21117497303352153,-0.26164992792696057,-0.3902013420495889,-0.19038362200003234,-0.23615209276102425,-0.20311531187872334,-0.04184024149248875,-0.01365600336767611,0.30343036081786534,0.3013219326546495,-0.24544089005938424,-0.4278004499491865,-0.49151166132801694,-0.4640144009018217,-0.36853756798781834,-0.8169242425155312,0.03188839760102572,2.0383653046480443,1.119873164242188,-1.2025997202863596,-0.8422924617311695,-0.2010260039301351,-0.7368278937911892,-0.3457117497285206,-0.11906478735383427,-0.5163653323627337,-0.04854952203760384,0.08869942769075809,-0.22750014896676793,0.25134431142299096,0.32841958504913066,0.060709706822538206,0.45054388327081657,0.3548883593983561,-0.010470046924862917,0.09276456091921303,-0.2936818213748506,-0.5647814644760648,-0.24951601434861173,-0.47297018489330556,-0.5249859009803297,-0.12137532374264935,-0.3465037623467052,-0.3287832434937247,-0.01886456711752187,-0.4133573114200074,-0.3399057396270829,0.05956927170823086,-0.1860709768526702,0.15732400649417908,0.3170795907390833,-0.5513406264597552,-0.35358306744078166,-0.2229498465305108,-1.1401101836607854,-0.2814774966491469,-0.035132137569603324,-1.7287723362790564,0.999170108199045,4.662414825816704,0.645775821564602,-3.303058422731512,-0.5689910101509627,0.5017033197422132,-1.253392669708365,-0.3439017929094764,0.14686032469045796,-0.7879832608620566,-0.023654410598586684,0.1692815279286233,-0.46062709993523093,0.29619150142693856,0.3016160886769122,-0.16924426066391174,0.5612474024714238,0.21868548339825078,-0.528183591555162,-0.07082383012993966,Normal
1.7408297026122454e-15,1.0,-3.2067468252121905,5.0417930469280945,8.248539872140285,-0.3169503681231126,-0.7358144748489869,0.12950247378511245,-0.2149629451142041,-0.25509382758754917,0.5124600377920931,-0.42039628743645263,-0.7109155955079024,0.014898326906287148,-1.0539228930834208,-0.8633489048345707,0.31440119738037525,-1.4822614492782937,-0.6167278442095419,4.0135994224500395,2.3833418090069136,-2.752728943508284,-1.7167498826448544,0.5086890780094957,-0.8247182121080144,-0.8515851304665651,0.06920209640749111,-0.5707605290655535,-0.4153362707326894,0.10729644194635052,-0.3389007712935077,-0.07347500098770779,0.26637265230177243,-0.10164134525859164,0.2108067462503241,0.31289281069922237,-0.3474325507117818,-0.34478536960957845,-0.37161428549592596,-0.7754710654817022,-0.5022775887222314,-0.43295224658775633,-0.6856570464916916,-0.33885731997741186,-0.37173739406381384,-0.6331392164250444,-0.28549299428205144,-0.4249487684990528,-0.6407246992475669,-0.1673291213195839,-0.20392146719790682,-0.18005685930823692,0.21956784686256306,-0.41047228032559296,-0.6797592305520279,-0.23808629351432445,-0.9684469245873152,-0.9029269682517577,-0.0432434178839832,-1.2102999429800254,-0.46457624957700416,3.041302592948011,1.620673357603746,-2.6305188277959144,-1.8117461276585176,0.19966484269821833,-0.7494922767155568,-0.8225797816215007,-0.07855390104043489,-0.5594038484763536,-0.46402067366698113,-0.008324489655364798,-0.2971714654184736,-0.1517686640363785,0.12836395079419186,-0.035513680248432634,0.1604317422030052,0.20901839881554113,-0.2409550178622952,-0.3727306810946893,-0.42394776943905604,-0.6239356746357699,-0.5452105042864859,-0.4664559217742311,-0.5091117522691203,-0.40130924311798,-0.33773917686335,-0.37611762921302744,-0.3763578888146357,-0.3646918999232617,-0.3131903736861745,-0.25491637719878024,-0.08674916292800111,0.2056327362511821,0.0658374161330102,-0.4370134203700171,-0.5599977478246891,-0.5128291917130795,-0.6370021195166142,-0.5858251442881076,-0.5771400130032882,-0.4507990504127945,0.7993426015316567,1.8378327320207977,0.386119822861541,-1.5618500123870735,-1.1485696727706671,-0.21907865094090742,-0.5369128482542316,-0.5109830670931823,-0.09309636163737606,-0.31271476170354495,-0.2226120730173102,0.14312471671529428,-0.01168209748752456,0.10909167536344545,0.36331670317501535,0.18755329992944197,0.3485233948619455,0.3665308436063754,-0.19541093388999972,-0.22773932561620097,-0.18155882758276665,-0.49077311199054485,-0.230873678118657,-0.11778245862980243,-0.3475936130697881,0.050745100500712556,0.07609952000561127,-0.21597794828567482,0.23151540217549735,0.13404410902618105,-0.14944369707129654,0.5151370244438344,0.47597879068864596,0.27911617676461653,0.9185410763625603,0.43739748973200376,0.04042022371105063,0.651883542520241,-0.16782160832646403,-0.16742829911052612,1.1130163181814352,-0.5227517230249816,-0.10120750962003187,5.0417930469280945,4.259150349398161,-1.6477591634681599,-1.285076722642196,1.495198652396191,0.28999268261195016,-0.009887513124840477,1.0516929693459955,0.43792633293102357,0.47996165452030226,1.1317761568451692,0.747993283895012,0.9047262714203959,1.2907590494656787,0.9809406071677353,1.1442518262160288,1.324377393304052,0.8742613339258125,0.6629209958876172,0.5740492667613827,0.3737608065847037,0.3774772778719462,0.3743966131211981,0.3763964418859349,0.44800836500578445,0.4351931326099887,0.4516724194249224,0.4351364924214368,0.42738140780178935,0.4324480817072743,0.23544025432738536,0.30744752064537884,0.5497594033824887,0.4366450809685597,0.5990496533413459,0.5920128140855205,-0.010911383209102433,0.16847769458163553,0.1227284231586865,-0.6514816002119518,0.14145226656119111,0.09978781790223862,-1.3287916060658744,1.831262197496603,5.001262540931742,0.3210427417760466,-3.2067468252121905,-0.11142971489086288,0.45348221120696713,-1.3622383986569158,-0.17697486596454517,0.04324645951298257,-0.9439115948718738,0.009454383004175058,0.022985170949752307,-0.6184270160418254,0.21126550710871622,0.04785367256216168,-0.37289525981772026,0.2864281511774762,Normal
-3.552713678800501e-17,1.0,-2.15661788153445,5.732229984738894,7.888847866273345,0.40943075090693837,0.7029841056365546,0.6388960276656502,0.811533435267699,0.9256203171348631,0.42159820936872056,0.5878109289435509,0.5418772648250008,-0.10705659871752725,0.8362467142419052,0.7272279794364873,-0.6881035557460762,2.6558440171735813,5.732229984738894,1.1236410702767232,-2.080381464354573,0.8399131041401198,1.381389829977617,-0.0656596532687026,0.9282258846345323,1.0830426734680276,0.42039145049455096,1.1582149316639132,1.1909603886338491,0.8592886286321608,1.4100560509026423,1.3285273435574214,1.1370642333785672,1.5228799327803122,1.2889699111822395,0.8921502561623963,0.8699077386483396,0.6712927176874209,0.574690582919266,0.6261670700617736,0.584245872036591,0.6432857498132281,0.6702115763627998,0.6624339389099535,0.6776438888585007,0.6327196391593051,0.6833185947977161,0.5658812096388582,0.4325424608966582,0.7147431371808773,0.7204781675570987,0.6678228098725045,0.939722357442691,0.4749207640257486,0.20010960407962586,0.5891207018080626,-0.12595219633809268,-0.15191368925150836,0.767075520642819,-0.6309378897670015,-0.04721650367227859,4.371389112261001,3.219834537091224,-2.1274175507316864,-1.4287268825747441,1.0144539450301953,-0.4399860817392407,-0.6054961448812739,0.45523340909700777,-0.31786365810182127,-0.23034019792712368,0.40938298474169815,-0.125655125570562,0.06237955279213712,0.4417088925571448,0.03281388630327872,0.25318377693557365,0.3686003371751931,-0.1957919579215403,-0.27215282207064645,-0.3883499731840568,-0.7131752732781579,-0.5613419056732258,-0.6082415552970427,-0.7928117545641842,-0.6026996790428636,-0.6220990235154169,-0.7158910609230684,-0.5836103251546063,-0.6277849877214573,-0.687446293767591,-0.6459730237248128,-0.6670889844381827,-0.6563175913576318,-0.6641084251177531,-0.48239318728794517,-0.2094810295047166,-0.47563883368386345,-0.8512303406009928,-0.958705635157025,-1.1069547878702302,-0.9348536351404051,-0.935796823820388,-1.3336334949349846,-0.24136386383914699,1.3596287604474275,0.44685654098011707,-1.2672124565031508,-1.312576255097894,-1.0587635027513365,-1.1319507079342304,-0.8922048170603504,-0.8329809819311242,-0.8857446573768167,-0.7017938877498168,-0.6695637524753517,-0.6605375763461722,-0.4795962800171465,-0.39269395242279154,-0.3455241296233222,-0.22431765411708232,-0.18314946876262134,-0.3899001704512027,-0.6799480048254739,-0.7393065004931453,-0.8051001064480916,-0.9314046389456507,-0.7931835423585952,-0.7718199702689988,-0.8530882760663078,-0.6150898893974502,-0.6438211991001545,-0.7921264702158634,-0.5252529530739298,-0.6402398064781698,-0.794691846884163,-0.39178712866202614,-0.5008254096438384,-0.5355671275689273,0.0894955696335768,-0.16543106982027989,-0.579344174173782,-0.394079602342406,-0.9146347742269095,-0.7860578620774494,-0.1259480832375878,-1.2599973558628876,-0.6131306747240372,2.763489723042806,2.035004351623117,-1.5598457563901003,-1.3690711290929731,-0.05013093654617128,-0.7274433296359796,-0.6764265523633997,-0.11505994010089177,-0.40051809027997254,-0.3163541063447078,-0.07598234315385187,-0.1819593084231099,0.010699749876469131,0.17701551678103794,0.13946338994808047,0.27719945243983346,0.3601497248590344,0.21464611644260662,-0.06915161099759436,-0.2711536736411976,-0.31477576328575796,-0.442916175440283,-0.39722046583505854,-0.22874712908299527,-0.3683031320126693,-0.26426928539759015,-0.07184201990154686,-0.343581926871823,-0.2014091650734971,0.0166390121377804,-0.35094587116973003,-0.13309392264659647,0.11807994913083064,-0.212754490942052,0.2415033288018039,0.36472824876913257,-0.3482715008451113,-0.03911161934729997,-0.2287509526196926,-0.9356792993332538,0.12606393011332626,-0.20004076023824274,-1.3671218794746067,1.8623425040948476,3.8614876114262477,-0.2207564581676588,-2.15661788153445,-0.011861709963423896,-0.030720697985028814,-0.825496337989034,-0.12114226883790252,-0.12761252134841822,-0.35867513436866844,-0.03180027002893798,-0.03908125603337763,-0.01329758306388084,0.16920099240192676,Normal
-1.0302869668521452e-15,1.0,-3.0405839643793,5.5991024157564055,8.639686380135705,-0.13141314054895056,-0.019259619663534476,0.13572605636915291,0.27526739866667455,0.45286073025657664,-0.044637671436333425,-0.12074463606862633,-0.21938474475950914,-0.886033353056275,-0.017145131357402737,-0.039962643304296434,-1.5182292165503828,1.8509015303218066,5.28537393324479,0.5688131490716617,-3.0405839643793,-0.08924553696337083,0.39131127652767234,-1.2361893482351405,-0.04397734881109424,0.1484638690003086,-0.6635402391035449,0.1896831740834548,0.1863177951276931,-0.23793453154755737,0.5184907214505645,0.4289005919786703,0.10748101861910046,0.6549811875999416,0.4612766560577828,-0.07268644024424897,-0.1889661670571961,-0.5471398009963434,-0.6253454781698006,-0.4404235144606256,-0.6254656035717386,-0.644588586218696,-0.5139235011645688,-0.5410531304980358,-0.4718547627912266,-0.44728122179671115,-0.4543198640848313,-0.47797582713428416,-0.5961110343095798,-0.43862028405534853,-0.3432421222654573,-0.379143797824973,0.07200160968170953,0.13720802697875709,-0.43124548935903984,-0.6476688880557825,-0.9494285983925876,-0.9241285395872804,-0.4311316484846856,-1.264495769490028,-0.9810134068007412,2.2060250937030608,2.3621926091142242,-1.1623935257965765,-1.7471750519728186,-0.4954616213938842,-1.0634095105827954,-1.0883462623063818,-0.46831683114713313,-0.8604190346151804,-0.725684712155435,-0.26084081564385475,-0.4925290902914688,-0.2927298090042717,0.025232002707971733,-0.15541522814535152,0.02780669980030778,0.2303210429909895,-0.04003596940992378,-0.30103026259482263,-0.6124209200469426,-0.873565723868844,-0.8362107452153609,-0.8354794459102077,-0.8633941595665322,-0.7843060687358583,-0.7051883247743179,-0.6353239541408303,-0.6494746835231312,-0.6113224947939337,-0.54969817647487,-0.7009337210802112,-0.6355106234822049,-0.4616514235461761,-0.5794108134116666,-0.24538740221195854,0.15877163700647845,-0.2941331618874103,-0.6333958159432689,-0.7675715787849681,-1.0631647979943981,-0.6286813538137526,-0.7181533918709864,-1.4317058323739165,0.4912488004332689,2.791596964101984,0.9399352456450829,-1.5411284489480315,-1.1842585370724883,-0.7099671726195989,-0.8882034740454321,-0.510921384162182,-0.3971983889461691,-0.5099486267938131,-0.2597847690906901,-0.16348019494505853,-0.11973663260435231,0.09103518372501884,0.15681687989490983,0.19627545389146933,0.331515171592953,0.3797742732930485,0.14682722452389385,-0.2688107695268945,-0.4571621627126064,-0.5357597788333718,-0.6153896498771151,-0.44164468210551877,-0.4434555418154979,-0.5602129447733651,-0.27755866511066735,-0.2687114672587026,-0.4113264688157975,-0.11889464778497515,-0.2818062748589701,-0.44708357051217174,0.07240882695606173,-0.050505237825037776,-0.11980205972221294,0.6792906466653611,0.4713192697621861,-0.0927023409646546,0.02844335332392879,-0.5337235555083245,-0.3824910671432583,0.37177196110174604,-0.8572150902243245,-0.11380618926396642,3.8035659638439654,3.207041203002614,-0.8979218194809047,-1.0038681847622626,0.4162591365840293,-0.16586633413578197,-0.06304729246011684,0.5442265208562557,0.26406381112754307,0.39314214842584494,0.742982885211155,0.6874199507567108,0.8190536354040436,0.9762971462226886,1.0130355776441082,1.1329761118233186,1.2104200675685848,1.1539967455587938,0.8095341574122055,0.487385892810199,0.469294174947709,0.3199681019477233,0.3102690267448782,0.5203143525172889,0.3740748335647429,0.4653218279073388,0.6887167774785239,0.3903067260279771,0.5564273501396897,0.7558616291570069,0.2558006268104184,0.5594184220755005,0.9241216224210709,0.4848594309392112,1.02997500938768,1.282965635455329,0.40166675303992333,0.6389641216323191,0.392285059926161,-0.42774632702740734,0.8156997710337903,0.34091306683101386,-1.1503372238885443,2.871504100536462,5.5991024157564055,0.6820284949173805,-1.976245702492116,0.4711079147870943,0.5257564108311082,-0.4213749136058731,0.37070508198220214,0.3605303748093829,0.11981407111249794,0.46932390072193275,0.47513909461569825,0.6300817272394541,0.4471186060115814,Normal
-5.329070518200751e-17,1.0,-3.0133211748970776,4.704343912627645,7.717665087524723,-0.4682680620703712,-0.7236038950735957,0.09693468069857708,-0.048753861057444725,-0.576121451328252,-0.3885641918118163,-0.8456794393650431,-0.8754418417320152,-0.13657550579619465,-1.0305594859203078,-0.8379275674083728,2.249036039054248,2.3386789475660312,-0.9011445223940333,-1.3914239621207631,-0.20138592575028305,-0.5282709964913894,-0.5756152767022472,-0.07266825934050714,-0.22983788836069657,-0.19597827913127935,0.08962119031843636,0.07740832770415161,0.15270411698009098,0.2816480321202355,0.32019761083324655,0.4058264701713336,0.47071453520646317,0.4500001657532751,0.20326845879179434,-0.0750412531241135,-0.10219377791272534,-0.20087618543338065,-0.24262003716988884,-0.07406933245876059,-0.15727449376772698,-0.13291408068063457,0.06530222409027771,-0.13400066480799536,-0.0740651035357651,0.13147756218741055,-0.22632518102684238,-0.09685647611604775,0.2557289035125125,-0.05556476335422534,0.24934062029030168,0.5686715498216355,-0.07989824290248754,-0.03079264142343092,-0.08261142510306366,-0.7823688373772157,0.022438330066392308,-0.024908487531090758,-1.3808451855267247,1.2342510199881374,4.005442766511039,0.6494181479444846,-2.1197767447636027,-0.3034152539387224,0.11439601709463562,-0.8666521866037391,-0.2312124792442976,-0.0861319044617284,-0.4918471958247551,-0.06819654367865245,-0.03034324574408175,-0.18379085583979213,0.13574798237097133,0.11243179374821485,0.02579619471146117,0.23583209070861214,0.19126374991892972,-0.07361428806688876,-0.3493607663256847,-0.5523405793473157,-0.6397914724087895,-0.7036734127330833,-0.6218845426018493,-0.6094277364025149,-0.7094124293779689,-0.5170266410694486,-0.5228803520224612,-0.7136811957902258,-0.4742040533126951,-0.5955770164648241,-0.8700326416932237,-0.44993337119002214,-0.45497343291276027,-0.5570366996988337,-0.047165623683072734,-0.485702120996191,-0.9200559762820526,-0.503828459451806,-1.2266939505789112,-1.2323557324335355,-0.1756441133649689,-1.6761330480306367,-1.2474664502831074,3.3294480589885436,2.3639503318798547,-3.0133211748970776,-2.3888713343400934,0.11758930609537027,-1.2212249226611382,-1.4068110486602552,-0.3598980589172418,-1.0344079534087105,-0.9479231643493159,-0.3281985932898214,-0.7978470852184687,-0.6405197604129902,-0.2583862356762622,-0.5838087851671387,-0.3842059380233216,-0.16366204480368973,-0.5666535892557888,-0.7573622740103962,-0.8972332669116068,-1.1043417695402495,-1.0436949077833217,-1.0362043404888266,-1.0383901988898654,-0.91902216198949,-0.881239545523717,-0.8616125056288292,-0.8697568107226172,-0.8170249982989574,-0.7496466366729714,-0.8668389188632356,-0.6882829141776425,-0.3993286010350291,-0.4395144957166881,-0.16610364682133594,-0.17546161956702383,-0.7096394273689501,-0.3717744721563441,-0.41989569161972645,-1.0862064448656354,-0.09142080646396836,-0.19162220690542525,-1.5122609100732343,1.815107527217698,4.704343912627645,0.18064573975848405,-2.720949467031951,0.2855154598344988,0.7354346534666449,-0.659276547476593,0.4989671184312832,0.6454851401662198,-0.036183206749836945,0.8458657338197649,0.8761919448503854,0.5333166135218972,1.2574018704094794,1.1550383602459633,0.9766227057051269,1.5908043537077563,1.2994573563048724,0.9055283155820281,1.099886721689105,0.7390818448781183,0.6622730625098543,1.0232960619527964,0.7964412040729392,0.8637582193295238,1.1613817348983453,0.8868750227876366,0.9732749239669898,1.1864915461465262,0.8750976228948922,1.0037948826845529,1.2214972156326194,0.9622450917237055,1.2402115016547532,1.5995280341781613,1.2252157362453973,0.973044486558703,0.8096887942371784,0.5202951522024727,0.7964811495941966,0.7651141512188714,0.22449001638514682,1.3090935201798473,3.0100050171876407,2.089353408565765,0.01637486962088678,-0.24971809327938702,0.20931264003654199,0.2073594645357311,0.3893987974429555,0.4018948382838077,0.194586736354211,0.39253953952819964,0.4088466674527209,0.24875122054345342,0.44475159109745177,0.3923611935469481,0.2904896599154459,0.28318030093262253,Normal
1.0658141036401502e-15,1.0,-2.2902980491543805,4.072421929582309,6.36271997873669,-0.08886786860463385,-0.10620521018779075,-0.09280737643084704,0.020204249444216657,0.20826988710883554,0.22354052897052287,0.42053575694720774,0.3541253824954401,-0.0072142253702127635,0.27397779837598724,0.15064041186890723,-0.2803077760394022,0.533516639506438,0.2699360331453488,-0.5746053359928499,2.2694961717248363,4.072421929582309,0.29305345031502605,-1.4886593470626586,0.9439413784383126,0.9900790599293163,0.019725339877878178,1.0141760565693627,0.97140932422168,0.5115064147609746,1.25506995924836,1.1683906316006485,0.9578013239761808,1.5566910346133414,1.388220934778852,1.3038725323767528,1.8034893603523392,1.4853137085297592,1.2251756980697277,1.4062551692308929,1.0621409647105113,1.0585255947893124,1.3569280034890572,1.1118498919545865,1.22079515719486,1.458793342835928,1.1756963188242142,1.3095240663742582,1.4725208535511765,1.1608477314385337,1.3432760989620225,1.4985253282546094,1.2283194300026177,1.5479635133605834,1.7900090760967486,1.4013106646021776,1.3099964630009238,1.155995076896511,0.8821367633243774,1.2160760284690995,1.0949747219292987,0.6571918375454564,1.737132572912453,2.8908362063820188,1.9452633764827854,0.5307100404381726,0.3565981635171039,0.6578686544419858,0.7741867788689193,0.8114515583156701,0.7904821343017425,0.7702392479252989,0.7954997774200087,0.8127594602940548,0.8145604973392367,0.8192661550448055,0.8197241409954521,0.8012603229684365,0.8175562682024902,0.8343964963552143,0.6621441622319969,0.371489371595345,0.20081161513627785,0.10564595496453516,0.014399054818944488,-0.006434336570824285,0.0050893588788161834,-0.014037629325034696,-0.05740937046951804,-0.09383659190488924,-0.11448633335192995,-0.17376254348166864,-0.22657468876237413,-0.22696550668524032,-0.23597094909299987,-0.11423997381420821,0.07687497051747892,-0.09821216858427387,-0.46107151974013805,-0.5864989018660691,-0.6502970441415489,-0.6650626689709201,-0.659716493774406,-0.8454267303602785,-0.3888674723255761,0.8382255429877785,0.812576479167487,-0.7320154873521509,-1.48458157496084,-1.04829430963745,-0.7938737710811588,-0.8386178802289243,-0.8082356817409111,-0.7760037598443104,-0.7239006336049473,-0.7027155575965234,-0.6933871641873621,-0.6004415202588667,-0.5996093152588975,-0.6127872564270197,-0.48634987637414007,-0.5008146051431058,-0.6642700534409275,-0.7988573800268195,-0.9829849383331312,-1.052281979334601,-1.0030402633922084,-1.1090588768511063,-1.1354229316319535,-1.0453410179411176,-1.1225002490556022,-1.0879680918582693,-1.0042466248774229,-1.158632365027547,-1.0871416288390257,-0.9174698145796326,-1.023052402529604,-0.8387374355775693,-0.6707557274401649,-1.0264758931042501,-1.1250298178050044,-1.2094587906453838,-1.5241879342831175,-1.114214680431845,-1.1774794234119832,-1.8799030949434008,-0.24956014821203598,1.563090851419564,-0.44108218683040984,-2.2902980491543805,-1.1452317431469008,-0.9219255702983667,-1.6255964188784788,-0.9760953477445178,-0.8731617000226696,-1.324128540812677,-0.8245715552146469,-0.794209255712047,-1.039756337558101,-0.5387156779174471,-0.6008686670636593,-0.8055307964401964,-0.3413660729930851,-0.4826487345425327,-0.7844838874962456,-0.62875954339324,-0.9442189986255076,-1.0266040975837556,-0.7169541715106329,-1.0112267528288796,-0.9368919128695855,-0.5572617845200551,-0.8868968069969172,-0.7658681070373844,-0.46313556380286885,-0.8999419655577525,-0.6769242489076069,-0.30998588470986854,-0.6923672304201788,-0.3191889827282236,-0.08626387562525409,-0.7393862104287131,-0.46052192418821586,-0.48701096379745734,-1.1864516047083593,-0.3106372604095228,-0.33964385640440686,-1.5297357990914413,0.808803651112329,2.9489208267782816,0.011791877903180054,-1.971081279922495,-0.35328332194751655,-0.08761043568515464,-0.7847713342802723,-0.25586463413974114,-0.13247282943794658,-0.35258970186220795,-0.0857716867553877,-0.051037251839814474,-0.041843883032877206,0.13079420849437934,0.17229156356150982,0.27883642244113527,0.18330160917524332,Normal
5.151434834260726e-16,1.0,-3.422856249831715,5.7881724710718245,9.21102872090354,-1.4376665733572158,-1.8357555956684737,-0.9158653713589702,-1.170303705663587,-1.243860819234162,-0.49682129974290096,-1.0543537754805654,-1.3943639989518177,-0.9438751860056069,-1.8165125204702424,-1.6196118182593309,-0.49591365930764114,-2.1331082503623358,-1.38391287996228,3.524033075329147,2.4509381910790893,-3.014221899917215,-2.352131231416458,0.04244852477519781,-1.3847583374996282,-1.3744307149263686,-0.20324690190274816,-0.9909466386083954,-0.8090658038703098,-0.10874947346840541,-0.7025012086473974,-0.31613679760466085,0.2097353596206044,-0.3349784019756785,0.08180921108007276,0.4117229777248855,-0.26807974539455964,-0.18939783028369164,-0.2893857212820878,-0.8617760445613339,-0.45890555710078557,-0.4235277861607158,-0.7573366449197121,-0.21191421374624458,-0.31941856060079354,-0.6269912791929575,-0.0015397073878966854,-0.26669492747850887,-0.5945785611910831,0.1660096300495033,-0.027190261246375053,-0.1814711333102768,0.6012272732684506,0.06900808897531512,-0.36367855025709517,0.11427288501807419,-0.7192337677816036,-0.6364746168584213,0.4217820999258305,-0.9981827175382821,-0.44797052276817806,3.608021127553216,2.8416248967678213,-1.4494578792691735,-1.3038746661234444,0.26836395517485445,-0.47703850451495566,-0.4581565286532447,0.15921698868742215,-0.1537456769635727,-0.0056078522651408225,0.31563548690699184,0.142999025614679,0.3234807089125985,0.5429902703942087,0.4728821081957637,0.6375832471803791,0.7821230991040989,0.545539502135101,0.1664903147493227,-0.023149063915447018,-0.04581843070809026,-0.19095630223204854,-0.2067521166741531,-0.03006301048225278,-0.09931338769039877,-0.04380281638739305,0.14626996515748658,-0.04137858482175548,0.0003953339752718037,0.15321740204330178,-0.11713586287871804,0.09152086765305303,0.4203928024898468,0.278031145816634,0.6269401958267757,0.48996171265393307,-0.2874999836264446,0.1599632309696179,-0.0038157870580514497,-0.8755962446445213,0.3784557313555371,0.12529270726123162,-1.4634883858589236,2.653510585862659,5.7881724710718245,-0.02533580389213611,-3.422856249831715,0.28664643994687694,0.7128872705605269,-1.0365489116396693,0.31701759622710746,0.40889940521082846,-0.4740868601865353,0.5451748426238603,0.4985618741272512,0.023071703422705456,0.8674661359693511,0.64666888142576,0.3668361384406552,1.0811025847439368,0.5569758327547139,0.0045565926536934006,0.3519497796848225,-0.1216240452638399,-0.26885424255894225,0.17228727407758837,-0.2361278136285175,-0.12950670952638443,0.31525475978156087,-0.16147269230083386,0.016151931764637258,0.36120022315961287,-0.22080871606521238,0.06148909658846162,0.47258065765653806,-0.018074106079784803,0.4506943627688884,0.8316228543451141,0.08024881508604526,0.12803419600969598,-0.015506326876405532,-0.6740948671677232,0.17055140342251987,0.08679565414149511,-1.013718162586863,1.4080587287310125,3.7674418783202857,1.079578826349398,-1.2963543801878648,-0.28581074649867516,0.006612252322375292,-0.45466768754551307,0.07639784162208303,0.14371477316276157,-0.09608410017525994,0.2661808439966171,0.3189048988847615,0.22977635476265834,0.5350271516143131,0.6054405611720969,0.5734826934507828,0.777818648354407,0.7261426296802551,0.4057072596814995,0.15513946950978932,-0.04717584542852837,-0.1770007251057146,-0.19608881672522316,-0.16885084949863724,-0.12043450637939283,-0.07231551811507013,-0.01005843199120005,0.019104497627750523,-0.028527547891874647,-0.03330150309005092,-0.003304914379042503,0.0015812670371710782,0.03708490806219621,0.029129403249361148,0.14707033298141628,0.5959421634278946,0.7121339106035028,0.14865690811585258,-0.21288279198090063,-0.11891530365183733,-0.15055500663750354,-0.20675201261046963,-0.23619331704732585,-0.2125547057406648,0.9174646486152619,2.5297813425600526,1.7888021482303957,-0.6648040791280155,-1.15348374302298,-0.05401096612630991,-0.011169679198705568,-0.2931678617021502,0.061484721726868655,0.09142077567497263,0.04226408799574903,0.27033105083474634,0.32034219238447986,0.5680994214136148,0.19366554584387058,Normal
-1.4921397450962103e-15,1.0,-3.150502655484151,5.454981857413248,8.605484512897398,-0.08587393545219078,0.5546784498588776,-0.3676949649718172,-0.33596063553063815,-0.3284246011979908,-1.1509704343148603,-0.37858762815851305,-0.19063328576615313,-1.4838961835623263,0.5561174976645881,3.366319644292472,1.106584454474143,-1.6849162526647692,-0.8822470545524546,-0.36524672561872723,-0.9009933413093886,-0.42901738816736085,-0.24302366415158722,-0.5522228958895742,-0.20719777313603138,-0.08158478309768247,-0.23595511256242366,0.0806013055359613,0.19664777282441548,0.10900957124181221,0.3485425349526901,0.3322568811292191,-0.014879634928320458,-0.22779548653420284,-0.4624959969355488,-0.6338633984315687,-0.6019692825858901,-0.6206209646745293,-0.589351063879591,-0.47477219040554863,-0.4728484065098042,-0.4361022835013627,-0.4134549044770368,-0.5032960852750664,-0.4544121590091662,-0.3877620674809605,-0.4436292724745648,-0.4074565682901782,-0.2721947817794508,0.060206560076177654,0.32346256502286597,-0.16410609133090684,-0.7049363517344258,-0.5439570980743028,-0.5366880223627781,-0.7168205657332332,-0.6219753800672221,-0.6615660880087388,0.2127744782679898,2.0692090448265006,1.6294348203996567,-0.9439612577288018,-1.6125921831889676,-0.5977155633195088,-0.4645537475864982,-0.6558002460738148,-0.43979464415026037,-0.3766338403403522,-0.3342895573805218,-0.21019759322422005,-0.13024095225740975,0.04343131143557242,0.13306620355898818,0.14067871571729532,0.24611651956500447,0.18494141628612157,-0.07215594984665388,-0.33688296148067254,-0.5944555486827656,-0.6953382897401543,-0.6966898460717696,-0.7176838776613796,-0.6280580814556002,-0.5919399543682081,-0.6171925543151625,-0.5001667952799707,-0.516774519907635,-0.5909674076679086,-0.48188839021437496,-0.533879863482874,-0.5758148222328331,-0.3927330797863313,-0.2809106192421124,0.013885643348582227,0.0832496222269956,-0.6018263126309081,-0.7519324190114943,-0.4230197426117296,-0.8205081008475059,-0.7574589259192865,-0.3560962523244592,-0.7189860509844318,0.5943767265585084,2.766388149803551,1.0515906189749193,-1.9301730922169793,-1.2787531151454485,0.10656199351115386,-0.30122685336899324,-0.35346688785167274,0.08959493821408458,0.102599614239234,0.2486879887022565,0.4284445129482233,0.489169789264898,0.698922468312122,0.8293699655980001,0.9517843588146084,1.1002121145604893,0.9710315432081082,0.7376150287078237,0.5187838450874526,0.34597596538102865,0.3604602068135893,0.34204473602169877,0.39007153586217774,0.6178955706098298,0.6500795554159375,0.7331611460073285,0.9122191104649756,0.7621821465448677,0.828440676566224,1.0779245994413298,0.8970684295794444,0.9486615624286105,1.2392367875362853,1.336500697469435,1.664949571370414,1.4051506223350998,0.7106135230892363,1.118364214951685,1.0796241205348727,0.39672933425682155,1.225646334950483,1.0852171448437613,0.274011688253763,3.5262739695241523,5.454981857413248,0.7667215452233102,-1.7161525420707118,1.0921462455793043,1.436629534354583,0.174780051372991,1.105719478173892,1.2056833789939467,0.5910709924756582,1.2293356652080583,1.2264696546343672,0.8964873366031308,1.3914367524553304,1.301231001348692,1.07318448630101,1.3691145415447992,0.9922578570034011,0.45354976441266437,0.4087785772663003,0.1414911927794533,-0.018880135547841292,0.10425971582218149,-0.03809576878593594,-0.11562842804872728,-0.03092361151340024,-0.08897049609648196,-0.10296493105308244,-0.1383846051375614,-0.2617972547758933,-0.2821548890265222,-0.31160133715095073,-0.31114561008833597,-0.10627435605794942,0.11758662542013446,-0.0605497452675231,-0.670779079835123,-0.9010525498066773,-0.7973960656608892,-1.1845327911173764,-1.1524084545416153,-0.8005312815164842,-1.4357469769744702,-0.40376736558927073,2.3910172262702036,0.8664926034463738,-3.150502655484151,-2.497220530511787,-0.5371671364666126,-1.5418588362999797,-1.6506673259250573,-0.8326587286416859,-1.4843466720260443,-1.3549954446994408,-0.779856571040242,-1.34279319711604,-1.1359228564315675,-0.7534335173630969,-1.0499555517106638,Normal
4.973799150320702e-16,1.0,-2.22978802441084,4.993741767269613,7.223529791680454,1.3892096023793814,1.805502782166892,1.5323823265987062,1.990975001931539,1.8569148851768746,1.0836879431757351,1.569074853654449,1.5604720066410227,0.8534142841962048,1.6600528315955405,1.5450536354680469,0.7616284241037886,3.4520826548990153,4.993741767269613,1.2407299064271207,-0.6621671837635218,1.4667068609300173,1.7400934134662833,0.8529412993289403,1.4793759131636857,1.5631290796651993,1.180255715224407,1.5693971148944283,1.591322954770104,1.4181828103205116,1.6896398251451088,1.6644798813389268,1.5531554362669175,1.6664178302631694,1.4376747545084791,1.05874393063579,0.9003219955936385,0.7742411074561174,0.6709974542436696,0.6533680709487187,0.6449562695819681,0.5824419040598994,0.5445275946487079,0.6170948485909005,0.5791509835463129,0.4619685651892148,0.49312106018493584,0.4216472367490053,0.3282138043475596,0.4633098389570987,0.5408730445215417,0.674176939714952,0.6778640007728227,0.08476103479275518,-0.12262016840103315,0.09642583476557473,-0.34326528646723603,-0.31198820638770414,0.09837670447009765,-0.5611172816149989,0.27450016308378533,2.6091697026476703,1.2869656136285115,-1.8244776438572556,-1.2836684907460958,0.10412608866441858,-0.5343653378640938,-0.6028612853688953,-0.14361669436560068,-0.46599761864111544,-0.38303036446684374,-0.1119536789266661,-0.3263033300292006,-0.2341058186401341,-0.06816270832641867,-0.167885100528151,-0.05967967827316975,-0.08472918595640569,-0.437417379702445,-0.6783358880304314,-0.8335381535991275,-0.9390717617222201,-0.9330038780437143,-0.9444197663201418,-0.9670925345532512,-0.9741813214899169,-0.9162720395172497,-0.866565537521351,-0.9629808536707158,-0.9213726537652462,-0.860271384255197,-1.0632982568061986,-0.961362783859095,-0.7318916719776991,-0.8969558302273855,-0.7218947093143436,-0.47489986061459977,-0.8613076594226836,-1.0202132056380226,-1.156758740917282,-1.4973849079792085,-0.9903710361156384,-1.0729876518611305,-1.7878873897034122,0.15612609121153231,2.0502951674378966,-0.2713387400793449,-2.22978802441084,-1.1054674862048544,-0.9715993665928555,-1.6038673057669413,-0.9435538014034537,-0.8587456238551398,-1.2035020170261845,-0.7328186330956162,-0.699292462378379,-0.8782414160563458,-0.5038157107979883,-0.527847304339395,-0.6207612658993391,-0.2647050023300252,-0.3081635961621317,-0.6046533495371422,-0.7509822020952249,-1.0086911967863144,-1.0753529887413857,-0.9629875586170046,-1.0179512781131803,-0.961938244788351,-0.8480341316174004,-0.8835019787608671,-0.855935448603269,-0.8361072526963733,-0.8442089994282106,-0.7721120705185148,-0.767898256814646,-0.720100837224985,-0.6138544150192898,-0.5544156907192659,-0.2701486200179626,-0.13651599252362265,-0.5773582450467686,-0.8518716840671635,-0.7539457231215512,-0.7413855562041745,-0.7297581161283688,-0.8875120019691762,-0.7413568615360728,0.6421475268183622,1.547377136959364,0.24840418694775027,-1.1811502488238952,-1.059029361855111,-0.6151052577480863,-0.5377771864904287,-0.46379131354807,-0.4005909516745373,-0.3000026155989483,-0.1870422146987467,-0.16622800894101458,-0.040060766596810696,0.10201220497328911,0.0969126060131421,0.19693085330925483,0.35772058707179716,0.26236728127015096,-0.007138706362504316,-0.22628055087517795,-0.3491728959222293,-0.39133658087983497,-0.37067698821175277,-0.32156176633183803,-0.282829962200097,-0.23237337387580034,-0.17360207471839703,-0.17248769786084273,-0.17058859772498883,-0.14452703666144515,-0.16417146009511274,-0.1187881273036593,-0.030836037323469317,-0.023827264824841776,0.18692742229332426,0.5140129189228428,0.30967395468280073,-0.140085231590878,-0.1344448510521858,-0.06505430384842277,-0.19327330230417034,-0.10455049614711286,-0.10137714840174415,0.022238808068662824,1.333443196494791,2.2271563591109254,0.4655741840707725,-1.324430958396981,-0.4741004352266951,0.4028255839393704,-0.0904384802200681,0.04515251855758813,0.4137012786334098,0.1523295575441529,0.3507143719855112,0.5570240584326906,0.5644431891682059,Normal
3.907985046680551e-16,1.0,-3.3374226552652044,6.0918991394373725,9.429321794702577,-1.1242094221563468,-1.0401953040761291,-0.7452916188057006,-0.4057417445342608,-0.9207679125084859,-1.527053173114,-1.287529731141719,-1.2457650927451611,-1.3604170774960018,-1.4058987213846141,-1.3752620231247499,0.28935999116553807,1.9836807930764409,0.40525168089113456,-1.861029105250369,-1.7502104958735345,-1.1655562385614948,-1.0755466360062254,-0.8375036423320408,-0.8531897296829908,-0.7476723066883366,-0.44174746081191396,-0.5402251552687444,-0.37712177605086344,-0.03676645269623642,-0.18335531169689318,-0.02773453198778153,0.3163544828338595,0.06590103489603759,-0.2192872786458848,-0.464629182767246,-0.8244183401821495,-0.7757875351637543,-0.711784718596306,-0.8187330774697775,-0.6077409032666493,-0.5377279453798868,-0.618092576658681,-0.4201334746226758,-0.4654213483655523,-0.5750050540771923,-0.38400112830806654,-0.4299059880118604,-0.4190192782477612,-0.1733656593944713,-0.07425750530606909,0.33144998217252347,0.39320082223084873,-0.45944524790284086,-0.5561367421706902,-0.1789566292119485,-0.6049235854824261,-0.48782934109191467,-0.2115140846276178,-0.44463006085963924,1.3082315619383955,3.057585690900881,0.6446439082404213,-1.9944134268398745,-1.005942447474884,0.10196261015350107,-0.24406566901734142,-0.14859233366987845,0.11090508923731923,0.09089914362187665,0.25331842205292454,0.3786204617443263,0.4820951240998385,0.6217269754323599,0.6934172219082253,0.8660682651547901,0.8936433765574857,0.7128132653617069,0.5220940878640618,0.13904812435729771,-0.03385166794291708,0.12107579251247143,-0.020940189079786967,-0.02340491133072415,0.20751007197841773,0.041399026851686116,0.11875135312458857,0.33710446878226025,0.044489516046900206,0.18129567880629288,0.4055000824419927,8.983750271177913e-06,0.22211988592821091,0.5993921082999935,0.44568999973752327,0.8559250779636662,0.6213112602577913,-0.25550900142477506,0.2953726063783009,0.09900074812509771,-0.7966542352639345,0.5307878830049145,0.16689444250157692,-1.2469507429459374,3.2326545001138975,6.0918991394373725,-0.05749925207615707,-3.3374226552652044,0.3178701017613107,0.7117195188129447,-0.8549058615883355,0.41274170969449947,0.4866809983286253,-0.23929337952044225,0.6732522370989744,0.6144162647095772,0.22429093140666898,0.9579781934858185,0.8309699426065891,0.5898754773903571,1.0836953868489,0.6946029335831151,0.19156914311389958,0.23226007369177895,-0.1426546643758482,-0.2160248825602497,0.0020339951617839368,-0.2797544122728242,-0.19959982514091915,0.0765288714230194,-0.11707216838655563,-0.04389754998811744,0.08248718789964128,-0.1111549169504391,-0.04029915870904462,0.01302443814725404,-0.08347591922936383,0.04905185099906117,0.21769322265224872,0.5800888643365599,0.7864252208060487,0.17785458119604977,-0.26657582864081125,-0.18255317957119807,-0.23079537576865042,-0.1602208203784117,-0.3801595282047953,-0.3234529467951176,1.7362999391638103,3.0238584840118885,0.9043264994691653,-0.8817309229206365,-0.49368323417833554,-0.35310362509652665,-0.3055547150296205,0.07738109907104351,-0.1085055729173068,-0.022111814641984556,0.29954812760181493,0.10341505189299173,0.32329994366453574,0.6010541219331799,0.34258417785915346,0.6249111836126078,0.8832643406647014,0.48167218787584193,0.39826686962417657,0.1554052598924046,-0.37412739077846346,-0.22449921252656088,-0.21869411405753478,-0.4452245824486704,-0.09193552789836473,-0.11928586704009636,-0.3224412115307908,0.035595473535956,-0.11280875334875716,-0.2484497249581674,0.15810848396830043,-0.19442931284550838,-0.33821292847328926,0.3032672944722682,0.20943195014420934,0.301372062264633,0.579687334633988,-0.3155947692879178,-0.2942106435069762,0.22203003669845708,-0.8431170934251989,-0.408288035950334,0.45382452257059663,-1.3833928167418257,0.43357331261247695,5.300413242021346,2.465069716637073,-3.1885445540030513,-1.472234385178502,0.8824491358435488,-0.7263062272482291,-0.5421188526926531,0.410035291773599,-0.42550708983139457,-0.03477531113767053,0.6804280894678021,-0.3535765301586725,Normal
